"DownloadedAt","NexusModId","ArchiveName","SizeMB","SourceUrl","FullPath","BacklogStatus","Notes"
"2026-06-25 11:43:13","5813","Kaer Morhen Armory Rubble Removed-5813-1-2-1708274171.rar","0.06","https://www.nexusmods.com/witcher3/mods/5813","C:\Users\marti\Downloads\Kaer Morhen Armory Rubble Removed-5813-1-2-1708274171.rar","triage",""
"2026-06-25 11:14:07","10978","Kaer Morhen Enhanced-10978-1-6-1-1776375310.zip","0.25","https://www.nexusmods.com/witcher3/mods/10978","C:\Users\marti\Downloads\Kaer Morhen Enhanced-10978-1-6-1-1776375310.zip","triage",""
"2026-06-24 15:36:36","9723","Kaer Morhen's Bastion restored-9723-1-3-1729026448.zip","282.36","https://www.nexusmods.com/witcher3/mods/9723","C:\Users\marti\Downloads\Kaer Morhen's Bastion restored-9723-1-3-1729026448.zip","triage",""
"2026-06-24 15:34:03","11004","Full Access To An Expanded Beauclair Palace-11004-1-2-1752159480.7z","283.95","https://www.nexusmods.com/witcher3/mods/11004","C:\Users\marti\Downloads\Full Access To An Expanded Beauclair Palace-11004-1-2-1752159480.7z","triage",""
"2026-06-24 15:14:05","9563","Kaer Morhen restored to its ancient slpendor-9563-1-8-1729435430.zip","370.96","https://www.nexusmods.com/witcher3/mods/9563","C:\Users\marti\Downloads\Kaer Morhen restored to its ancient slpendor-9563-1-8-1729435430.zip","triage",""
"2026-06-24 15:08:45","11934","Kaer Morhen Extended Edition-11934-1-2-1772604141.7z","230.38","https://www.nexusmods.com/witcher3/mods/11934","C:\Users\marti\Downloads\Kaer Morhen Extended Edition-11934-1-2-1772604141.7z","triage",""
"2026-06-24 15:06:36","7353","IA_CPatch ( FM )-7353-0-9-7NGE-1701108777.rar","0","https://www.nexusmods.com/witcher3/mods/7353","C:\Users\marti\Downloads\IA_CPatch ( FM )-7353-0-9-7NGE-1701108777.rar","triage",""
"2026-06-24 15:00:19","11820","Benis Toussaint Lighting Overhaul-11820-1-1-4-5-1770077045.rar","4.64","https://www.nexusmods.com/witcher3/mods/11820","C:\Users\marti\Downloads\Benis Toussaint Lighting Overhaul-11820-1-1-4-5-1770077045.rar","triage",""
"2026-06-24 14:55:46","7353","InterfaceAnim-7353-5-1-5-1756967904.rar","41.86","https://www.nexusmods.com/witcher3/mods/7353","C:\Users\marti\Downloads\InterfaceAnim-7353-5-1-5-1756967904.rar","triage",""
"2026-06-24 14:55:39","7353","IA_CPatch ( IM )-7353-1-0-1701109057.rar","0","https://www.nexusmods.com/witcher3/mods/7353","C:\Users\marti\Downloads\IA_CPatch ( IM )-7353-1-0-1701109057.rar","triage",""
"2026-06-24 14:55:02","7353","IA_CPatch ( W3EE Redux )-7353-1-42g-1746364673.rar","0.01","https://www.nexusmods.com/witcher3/mods/7353","C:\Users\marti\Downloads\IA_CPatch ( W3EE Redux )-7353-1-42g-1746364673.rar","triage",""
"2026-06-24 14:51:17","7240","Menu - No Artificial Player and Cutscene Light-7240-2-08-1768843221.rar","0.01","https://www.nexusmods.com/witcher3/mods/7240","C:\Users\marti\Downloads\Menu - No Artificial Player and Cutscene Light-7240-2-08-1768843221.rar","triage",""
"2026-06-24 14:50:36","7236","Witcher Lore Collection-7236-2-0-1-1764408820.zip","2.78","https://www.nexusmods.com/witcher3/mods/7236","C:\Users\marti\Downloads\Witcher Lore Collection-7236-2-0-1-1764408820.zip","triage",""
"2026-06-24 14:32:36","10519","Menu Organizer (NG 4.04RU2)-10519-4-0-0-1778328865.7z","0.08","https://www.nexusmods.com/witcher3/mods/10519","C:\Users\marti\Downloads\Menu Organizer (NG 4.04RU2)-10519-4-0-0-1778328865.7z","triage",""
"2026-06-24 14:02:36","4670","NightToRemember Quest Next-Gen-4670-1-3-NextGen-1672325586.zip","142.01","https://www.nexusmods.com/witcher3/mods/4670","C:\Users\marti\Downloads\NightToRemember Quest Next-Gen-4670-1-3-NextGen-1672325586.zip","triage",""
"2026-06-24 13:56:15","10744","Fix for shoeless knight pants-10744-1-0-1745265855.zip","0.24","https://www.nexusmods.com/witcher3/mods/10744","C:\Users\marti\Downloads\Fix for shoeless knight pants-10744-1-0-1745265855.zip","triage",""
"2026-06-24 10:50:15","9206","WaterwheelFIXED-9206-1-1-1718019750.7z","0","https://www.nexusmods.com/witcher3/mods/9206","C:\Users\marti\Downloads\WaterwheelFIXED-9206-1-1-1718019750.7z","triage",""
"2026-06-24 10:26:33","9360","W3QE-9360-2-5-1-1723596339.7z","0.17","https://www.nexusmods.com/witcher3/mods/9360","C:\Users\marti\Downloads\W3QE-9360-2-5-1-1723596339.7z","triage",""
"2026-06-24 10:20:02","9157","Boat Races-9157-1-3-1-1764413023.zip","138.6","https://www.nexusmods.com/witcher3/mods/9157","C:\Users\marti\Downloads\Boat Races-9157-1-3-1-1764413023.zip","triage",""
"2026-06-24 10:02:18","3151","Darker Nights PATCH (UPatch-Compatible Smooth transitions with Friendly Meditation Patch)-3151-2-1.zip","0.21","https://www.nexusmods.com/witcher3/mods/3151","C:\Users\marti\Downloads\Darker Nights PATCH (UPatch-Compatible Smooth transitions with Friendly Meditation Patch)-3151-2-1.zip","triage",""
"2026-06-24 10:00:16","4895","True Fires Compatibility Patch - HD Reworked Project-4895-1-00-1592775637.zip","1.07","https://www.nexusmods.com/witcher3/mods/4895","C:\Users\marti\Downloads\True Fires Compatibility Patch - HD Reworked Project-4895-1-00-1592775637.zip","triage",""
"2026-06-24 09:59:58","4895","True Fires - Part 1-4895-1-01-1592953850.zip","6.32","https://www.nexusmods.com/witcher3/mods/4895","C:\Users\marti\Downloads\True Fires - Part 1-4895-1-01-1592953850.zip","triage",""
"2026-06-24 09:59:41","3539","True Fires - Part 2-3539-1-0-1592776482.zip","3.66","https://www.nexusmods.com/witcher3/mods/3539","C:\Users\marti\Downloads\True Fires - Part 2-3539-1-0-1592776482.zip","triage",""
"2026-06-24 09:55:45","6087","Unzip and overwrite the original file.-6087-1-1-1633257203.zip","0.02","https://www.nexusmods.com/witcher3/mods/6087","C:\Users\marti\Downloads\Unzip and overwrite the original file.-6087-1-1-1633257203.zip","triage",""
"2026-06-24 09:44:05","12215","ModVivaldiInvestments-12215-1-08-1780028997.zip","0.04","https://www.nexusmods.com/witcher3/mods/12215","C:\Users\marti\Downloads\ModVivaldiInvestments-12215-1-08-1780028997.zip","triage",""
"2026-06-24 09:33:42","9458","E3 Vlad.zip","2135.02","https://www.nexusmods.com/witcher3/mods/9458","C:\Users\marti\Downloads\E3 Vlad.zip","triage","Source inferred from E3 Vlad Nexus page context."
"2026-06-24 09:32:37","7434","Darker Nights-7434-1-6-1720801651.rar","0.13","https://www.nexusmods.com/witcher3/mods/7434","C:\Users\marti\Downloads\Darker Nights-7434-1-6-1720801651.rar","triage",""
"2026-06-24 07:59:54","7087","Concept Ver-7087-1-0a-1667968189.zip","7.71","https://www.nexusmods.com/witcher3/mods/7087","C:\Users\marti\Downloads\Concept Ver-7087-1-0a-1667968189.zip","triage",""
"2026-06-24 07:58:11","8949","VladUI - Clear Map Addon Full Version Next-Gen-8949-FullVersion-NextGen-1-1-1733960838.zip","13.71","https://www.nexusmods.com/witcher3/mods/8949","C:\Users\marti\Downloads\VladUI - Clear Map Addon Full Version Next-Gen-8949-FullVersion-NextGen-1-1-1733960838.zip","triage",""
"2026-06-24 07:43:08","4809","Geralt The Master Cook-4809-2-1-4-1598353459.7z","0.91","https://www.nexusmods.com/witcher3/mods/4809","C:\Users\marti\Downloads\Geralt The Master Cook-4809-2-1-4-1598353459.7z","triage",""
"2026-06-24 07:38:27","4693","TWCG random theme-4693-1-0-1588593744.zip","23.65","https://www.nexusmods.com/witcher3/mods/4693","C:\Users\marti\Downloads\TWCG random theme-4693-1-0-1588593744.zip","triage",""
"2026-06-24 07:28:12","8174","Woodland Spirit Aftermath-8174-1-1-1694833212.zip","371.29","https://www.nexusmods.com/witcher3/mods/8174","C:\Users\marti\Downloads\Woodland Spirit Aftermath-8174-1-1-1694833212.zip","triage",""
"2026-06-24 06:50:35","6880","Basic Cooking Recipes Next Gen-6880-2-2-1718388433.zip","0.01","https://www.nexusmods.com/witcher3/mods/6880","C:\Users\marti\Downloads\Basic Cooking Recipes Next Gen-6880-2-2-1718388433.zip","triage",""
"2026-06-24 06:49:29","12293","Everlasting Shrines Of Verna-12293-2-1780454240.zip","0","https://www.nexusmods.com/witcher3/mods/12293","C:\Users\marti\Downloads\Everlasting Shrines Of Verna-12293-2-1780454240.zip","triage",""
"2026-06-24 06:48:36","7307","Shrine of Verna-7307-2-0-1717720686.zip","0.06","https://www.nexusmods.com/witcher3/mods/7307","C:\Users\marti\Downloads\Shrine of Verna-7307-2-0-1717720686.zip","triage",""
"2026-06-24 06:46:54","11556","inventoryComponent-11556-1-0-1765403323.rar","0.03","https://www.nexusmods.com/witcher3/mods/11556","C:\Users\marti\Downloads\inventoryComponent-11556-1-0-1765403323.rar","triage",""
"2026-06-24 06:46:40","11556","Sword and Axe and Extra-REDUX gweent patch-11556-1-0-1767318094.rar","8.84","https://www.nexusmods.com/witcher3/mods/11556","C:\Users\marti\Downloads\Sword and Axe and Extra-REDUX gweent patch-11556-1-0-1767318094.rar","triage",""
"2026-06-24 06:46:12","11556","Basic Cooking Recipes patch-11556-1-0-1768698173.rar","0","https://www.nexusmods.com/witcher3/mods/11556","C:\Users\marti\Downloads\Basic Cooking Recipes patch-11556-1-0-1768698173.rar","triage",""
"2026-06-24 06:45:51","11556","Sword and Axe and Extra Skill Slots-11556-1-0-1765230402.rar","0.02","https://www.nexusmods.com/witcher3/mods/11556","C:\Users\marti\Downloads\Sword and Axe and Extra Skill Slots-11556-1-0-1765230402.rar","triage",""
"2026-06-24 00:30:10","8258","Time of the Sword and Axe-8258-0-4b-1700804814.7z","82.21","https://www.nexusmods.com/witcher3/mods/8258","C:\Users\marti\Downloads\Time of the Sword and Axe-8258-0-4b-1700804814.7z","triage",""
"2026-06-24 00:02:19","8258","Time of the Sword and Axe - PDF Manual-8258-0-4-1704416398.zip","0.27","https://www.nexusmods.com/witcher3/mods/8258","C:\Users\marti\Downloads\Time of the Sword and Axe - PDF Manual-8258-0-4-1704416398.zip","triage",""
"2026-06-24 00:00:23","5256","Main Menu Background Replacer-5256-1-0-1643718731.rar","358.57","https://www.nexusmods.com/witcher3/mods/5256","C:\Users\marti\Downloads\Main Menu Background Replacer-5256-1-0-1643718731.rar","triage",""
"2026-06-23 23:56:50","7250","Yellow Mutagens-7250-3-01-1718465651.zip","0.15","https://www.nexusmods.com/witcher3/mods/7250","C:\Users\marti\Downloads\Yellow Mutagens-7250-3-01-1718465651.zip","triage",""
"2026-06-23 23:56:31","5256","Vladimir UI (For 4.04-NextGen)-5256-2-2-1-Bandaid-1692717594.rar","558.42","https://www.nexusmods.com/witcher3/mods/5256","C:\Users\marti\Downloads\Vladimir UI (For 4.04-NextGen)-5256-2-2-1-Bandaid-1692717594.rar","triage",""
"2026-06-23 23:55:45","8081","Alchemy Primer-8081-1-12-1-1768345333.7z","1.01","https://www.nexusmods.com/witcher3/mods/8081","C:\Users\marti\Downloads\Alchemy Primer-8081-1-12-1-1768345333.7z","triage",""
"2026-06-23 23:55:12","8081","Immersion and Balance Addons-8081-1-0-1768345910.zip","0.16","https://www.nexusmods.com/witcher3/mods/8081","C:\Users\marti\Downloads\Immersion and Balance Addons-8081-1-0-1768345910.zip","triage",""
"2026-06-23 23:53:54","5256","Extra Skill Slots and Mutations Patch-5256-2-1-1643665597.zip","2.73","https://www.nexusmods.com/witcher3/mods/5256","C:\Users\marti\Downloads\Extra Skill Slots and Mutations Patch-5256-2-1-1643665597.zip","triage",""
"2026-06-23 23:53:22","5256","Gwent Redux - Patch for Vladimir UI-5256-1-0-1656179419.7z","11.64","https://www.nexusmods.com/witcher3/mods/5256","C:\Users\marti\Downloads\Gwent Redux - Patch for Vladimir UI-5256-1-0-1656179419.7z","triage",""
"2026-06-23 23:51:27","12308","Alchemy-v1.12.1_BIDE-v1.8.3 NG Patch-12308-1-0-0-1780592692.7z","0","https://www.nexusmods.com/witcher3/mods/12308","C:\Users\marti\Downloads\Alchemy-v1.12.1_BIDE-v1.8.3 NG Patch-12308-1-0-0-1780592692.7z","triage",""
"2026-06-23 23:48:50","5256","Gwent Redux - Vanilla Spy Effect - Patch for Vladimir UI-5256-1-0-1656179500.7z","11.64","https://www.nexusmods.com/witcher3/mods/5256","C:\Users\marti\Downloads\Gwent Redux - Vanilla Spy Effect - Patch for Vladimir UI-5256-1-0-1656179500.7z","triage",""
"2026-06-23 23:48:24","5256","W3 Enhanced Edition Patch-5256-1-0-1665269834.7z","17.22","https://www.nexusmods.com/witcher3/mods/5256","C:\Users\marti\Downloads\W3 Enhanced Edition Patch-5256-1-0-1665269834.7z","triage",""
"2026-06-23 23:28:16","7523","Colored Subtitles (NextGen)-7523-2-0-1725933554.zip","0.04","https://www.nexusmods.com/witcher3/mods/7523","C:\Users\marti\Downloads\Colored Subtitles (NextGen)-7523-2-0-1725933554.zip","triage",""
"2026-06-23 23:21:36","9383","Reputation System W3EE_REDUX-9383-W3EER-1-42i-RS-2-5c-1770459724.zip","0.31","https://www.nexusmods.com/witcher3/mods/9383","C:\Users\marti\Downloads\Reputation System W3EE_REDUX-9383-W3EER-1-42i-RS-2-5c-1770459724.zip","triage",""
"2026-06-23 23:18:27","9089","memoryofmakinglove-9089-2-4a-1770653991.zip","0.72","https://www.nexusmods.com/witcher3/mods/9089","C:\Users\marti\Downloads\memoryofmakinglove-9089-2-4a-1770653991.zip","triage",""
"2026-06-23 23:16:40","8707","Patches for W3EER - BiA - Gwent Redux-8707-W3EER-1-42a-GR-4-04-BiA-2-72-FOCES-4-6f-1737179454.zip","0.22","https://www.nexusmods.com/witcher3/mods/8707","C:\Users\marti\Downloads\Patches for W3EER - BiA - Gwent Redux-8707-W3EER-1-42a-GR-4-04-BiA-2-72-FOCES-4-6f-1737179454.zip","triage",""
"2026-06-23 23:16:08","8707","Cheaper Lore Friendlier Shop Prices Pre-Merge-8707-CLFSP-4-04-1-FOCES-4-8d-1767278482.zip","0.06","https://www.nexusmods.com/witcher3/mods/8707","C:\Users\marti\Downloads\Cheaper Lore Friendlier Shop Prices Pre-Merge-8707-CLFSP-4-04-1-FOCES-4-8d-1767278482.zip","triage",""
"2026-06-23 23:15:12","8707","mod00FlorenEconomySystem_W3EE_REDUX-8707-W3EER-1-42i-FOCES-4-8d-1767278451.zip","0.66","https://www.nexusmods.com/witcher3/mods/8707","C:\Users\marti\Downloads\mod00FlorenEconomySystem_W3EE_REDUX-8707-W3EER-1-42i-FOCES-4-8d-1767278451.zip","triage",""
"2026-06-23 23:14:29","8707","RS - FOCES - W3EE_REDUX Patch-8707-RS-2-5c-FOCES-4-8d-W3EER-1-42i-1770460001.zip","0.18","https://www.nexusmods.com/witcher3/mods/8707","C:\Users\marti\Downloads\RS - FOCES - W3EE_REDUX Patch-8707-RS-2-5c-FOCES-4-8d-W3EER-1-42i-1770460001.zip","triage",""
"2026-06-23 23:12:53","4438","Immersive Rewards-4438-0-1-1582586746.7z","0.11","https://www.nexusmods.com/witcher3/mods/4438","C:\Users\marti\Downloads\Immersive Rewards-4438-0-1-1582586746.7z","triage",""
"2026-06-23 23:10:35","5384","Geralt In Brothel 3.1-5384-3-1-1611256856.7z","9.42","https://www.nexusmods.com/witcher3/mods/5384","C:\Users\marti\Downloads\Geralt In Brothel 3.1-5384-3-1-1611256856.7z","triage",""
"2026-06-23 23:08:55","8699","dlcmasteralchemist-8699-1-6-1768333304.zip","0.07","https://www.nexusmods.com/witcher3/mods/8699","C:\Users\marti\Downloads\dlcmasteralchemist-8699-1-6-1768333304.zip","triage",""
"2026-06-23 23:08:38","8683","dlcolivegrape-8683-1-1-1768338252.zip","0.04","https://www.nexusmods.com/witcher3/mods/8683","C:\Users\marti\Downloads\dlcolivegrape-8683-1-1-1768338252.zip","triage",""
"2026-06-23 23:08:22","8658","HoneyWorkshop-8658-2-4-1768333423.zip","0.04","https://www.nexusmods.com/witcher3/mods/8658","C:\Users\marti\Downloads\HoneyWorkshop-8658-2-4-1768333423.zip","triage",""
"2026-06-23 23:07:26","8548","dlcvineyard-8548-2-2-1768338301.zip","0.05","https://www.nexusmods.com/witcher3/mods/8548","C:\Users\marti\Downloads\dlcvineyard-8548-2-2-1768338301.zip","triage",""
"2026-06-23 23:07:13","8548","dlcvineyard(dlc menu strings)-8548-1-2-1696160018.zip","0","https://www.nexusmods.com/witcher3/mods/8548","C:\Users\marti\Downloads\dlcvineyard(dlc menu strings)-8548-1-2-1696160018.zip","triage",""
"2026-06-23 23:06:39","8041","mod00MarlenaTheCook-8041-2-2a-1774723815.zip","0.02","https://www.nexusmods.com/witcher3/mods/8041","C:\Users\marti\Downloads\mod00MarlenaTheCook-8041-2-2a-1774723815.zip","triage",""
"2026-06-23 23:05:40","7955","modQuestItemEquipment - Next-Gen-7955-2-8b-1770563470.zip","0.27","https://www.nexusmods.com/witcher3/mods/7955","C:\Users\marti\Downloads\modQuestItemEquipment - Next-Gen-7955-2-8b-1770563470.zip","triage",""
"2026-06-23 23:05:28","7955","modAlchemy_Primer_QuestItemEquipment_Patch-7955-2-8b-Alchemy1-12-1-1770522925.zip","0","https://www.nexusmods.com/witcher3/mods/7955","C:\Users\marti\Downloads\modAlchemy_Primer_QuestItemEquipment_Patch-7955-2-8b-Alchemy1-12-1-1770522925.zip","triage",""
"2026-06-23 23:04:07","7732","AlcoholFactory-7732-3-7-1743864885.zip","0.4","https://www.nexusmods.com/witcher3/mods/7732","C:\Users\marti\Downloads\AlcoholFactory-7732-3-7-1743864885.zip","triage",""
"2026-06-23 23:03:35","7732","modAlchemy_Primer_AlcoholFactory_Patch-7732-3-7-Alchemy1-12-1-1770522977.zip","0.01","https://www.nexusmods.com/witcher3/mods/7732","C:\Users\marti\Downloads\modAlchemy_Primer_AlcoholFactory_Patch-7732-3-7-Alchemy1-12-1-1770522977.zip","triage",""
"2026-06-23 22:58:10","5503","All Gear Enchanting Based On Sockets-5503-1-2-1743865146.zip","0.02","https://www.nexusmods.com/witcher3/mods/5503","C:\Users\marti\Downloads\All Gear Enchanting Based On Sockets-5503-1-2-1743865146.zip","triage",""
"2026-06-23 22:57:58","5503","modAllGearEnchantingBasedOnSockets_FStashPatch-5503-1-2-1741449758.zip","0.01","https://www.nexusmods.com/witcher3/mods/5503","C:\Users\marti\Downloads\modAllGearEnchantingBasedOnSockets_FStashPatch-5503-1-2-1741449758.zip","triage",""
"2026-06-23 22:56:48","6033","mod0BiA_ASL_Compatibility - Next-Gen-6033-BiA-Next-Gen-2-1-1682687497.zip","0.03","https://www.nexusmods.com/witcher3/mods/6033","C:\Users\marti\Downloads\mod0BiA_ASL_Compatibility - Next-Gen-6033-BiA-Next-Gen-2-1-1682687497.zip","triage",""
"2026-06-23 22:55:43","6499","modMirrorReward_BiA3-6499-2-3c-1770519583.zip","0.05","https://www.nexusmods.com/witcher3/mods/6499","C:\Users\marti\Downloads\modMirrorReward_BiA3-6499-2-3c-1770519583.zip","triage",""
"2026-06-23 22:53:34","7488","Events-7488-2-0-1-1764411098.zip","2.77","https://www.nexusmods.com/witcher3/mods/7488","C:\Users\marti\Downloads\Events-7488-2-0-1-1764411098.zip","triage",""
"2026-06-23 22:50:36","7553","RealCheatingYenAndTriss - Next-Gen ONLY-7553-2-1-1746902002.zip","0.01","https://www.nexusmods.com/witcher3/mods/7553","C:\Users\marti\Downloads\RealCheatingYenAndTriss - Next-Gen ONLY-7553-2-1-1746902002.zip","triage",""
"2026-06-23 22:47:52","3201","Amrynn 1-3201-1-0.zip","1.5","https://www.nexusmods.com/witcher3/mods/3201","C:\Users\marti\Downloads\Amrynn 1-3201-1-0.zip","triage",""
"2026-06-23 22:47:30","3201","Viola 1-3201-1-0.zip","1.08","https://www.nexusmods.com/witcher3/mods/3201","C:\Users\marti\Downloads\Viola 1-3201-1-0.zip","triage",""
"2026-06-23 22:47:10","3201","Susy-3201-1-0.zip","0.91","https://www.nexusmods.com/witcher3/mods/3201","C:\Users\marti\Downloads\Susy-3201-1-0.zip","triage",""
"2026-06-23 22:46:43","3201","Mercia-3201-1-0.zip","1.06","https://www.nexusmods.com/witcher3/mods/3201","C:\Users\marti\Downloads\Mercia-3201-1-0.zip","triage",""
"2026-06-23 22:46:19","3201","The Belles of Beauclair Courtisan 1.-3201-1-0.zip","0.22","https://www.nexusmods.com/witcher3/mods/3201","C:\Users\marti\Downloads\The Belles of Beauclair Courtisan 1.-3201-1-0.zip","triage",""
"2026-06-23 22:45:51","3201","The Belles of Beauclair courtisan 2.-3201-1-0.zip","0.32","https://www.nexusmods.com/witcher3/mods/3201","C:\Users\marti\Downloads\The Belles of Beauclair courtisan 2.-3201-1-0.zip","triage",""
"2026-06-23 22:45:30","3201","The Belles of Beauclair courtisan 3.-3201-1-0.zip","0.32","https://www.nexusmods.com/witcher3/mods/3201","C:\Users\marti\Downloads\The Belles of Beauclair courtisan 3.-3201-1-0.zip","triage",""
"2026-06-23 22:44:58","3201","Bertha 1-3201-1-0.zip","0.24","https://www.nexusmods.com/witcher3/mods/3201","C:\Users\marti\Downloads\Bertha 1-3201-1-0.zip","triage",""
"2026-06-23 22:44:40","3201","Bertha 2-3201-1-0.zip","0.23","https://www.nexusmods.com/witcher3/mods/3201","C:\Users\marti\Downloads\Bertha 2-3201-1-0.zip","triage",""
"2026-06-23 22:44:24","3201","Suzy 2-3201-1-0.zip","0.21","https://www.nexusmods.com/witcher3/mods/3201","C:\Users\marti\Downloads\Suzy 2-3201-1-0.zip","triage",""
"2026-06-23 22:44:06","3201","Mercia 2.-3201-1-0.zip","0.2","https://www.nexusmods.com/witcher3/mods/3201","C:\Users\marti\Downloads\Mercia 2.-3201-1-0.zip","triage",""
"2026-06-23 22:43:54","3201","Narcissa 3-3201-1-0-1561546829.zip","2.72","https://www.nexusmods.com/witcher3/mods/3201","C:\Users\marti\Downloads\Narcissa 3-3201-1-0-1561546829.zip","triage",""
"2026-06-23 22:43:33","3201","Amrynn 3-3201-1-0-1561546921.zip","0.19","https://www.nexusmods.com/witcher3/mods/3201","C:\Users\marti\Downloads\Amrynn 3-3201-1-0-1561546921.zip","triage",""
"2026-06-23 22:43:18","3201","Viola 3-3201-1-0-1561547051.zip","0.22","https://www.nexusmods.com/witcher3/mods/3201","C:\Users\marti\Downloads\Viola 3-3201-1-0-1561547051.zip","triage",""
"2026-06-23 22:43:02","3201","Narcissa 1-3201-1-2-1562678565.zip","0.4","https://www.nexusmods.com/witcher3/mods/3201","C:\Users\marti\Downloads\Narcissa 1-3201-1-2-1562678565.zip","triage",""
"2026-06-23 22:42:39","3201","Viola 2-3201-1-2-1562678752.zip","0.44","https://www.nexusmods.com/witcher3/mods/3201","C:\Users\marti\Downloads\Viola 2-3201-1-2-1562678752.zip","triage",""
"2026-06-23 22:42:20","3201","Amrynn 2-3201-1-1-1608638853(1).zip","0.66","https://www.nexusmods.com/witcher3/mods/3201","C:\Users\marti\Downloads\Amrynn 2-3201-1-1-1608638853(1).zip","triage",""
"2026-06-23 22:42:08","3201","Amrynn 2-3201-1-1-1608638853.zip","0.66","https://www.nexusmods.com/witcher3/mods/3201","C:\Users\marti\Downloads\Amrynn 2-3201-1-1-1608638853.zip","triage",""
"2026-06-23 22:41:37","3201","The Belles of Beauclair courtisan 2b.-3201-1-1609157348.zip","0.57","https://www.nexusmods.com/witcher3/mods/3201","C:\Users\marti\Downloads\The Belles of Beauclair courtisan 2b.-3201-1-1609157348.zip","triage",""
"2026-06-23 22:41:17","3201","The Belles of Beauclair courtisan 3b.-3201-1-1609157387.zip","0.58","https://www.nexusmods.com/witcher3/mods/3201","C:\Users\marti\Downloads\The Belles of Beauclair courtisan 3b.-3201-1-1609157387.zip","triage",""
"2026-06-23 22:41:00","3201","Brothel Addicted Main File 1.2.2-3201-1-2-2-1608562378.zip","12.94","https://www.nexusmods.com/witcher3/mods/3201","C:\Users\marti\Downloads\Brothel Addicted Main File 1.2.2-3201-1-2-2-1608562378.zip","triage",""
"2026-06-23 20:18:25","12230","Environment Overhaul-12230-1-2-1780820299.zip","3334.45","https://www.nexusmods.com/witcher3/mods/12230","C:\Users\marti\Downloads\Environment Overhaul-12230-1-2-1780820299.zip","triage",""
"2026-06-23 19:55:12","12249","Extra Skills Slots Next Gen-12249-1-1779652136.rar","2.72","https://www.nexusmods.com/witcher3/mods/12249","C:\Users\marti\Downloads\Extra Skills Slots Next Gen-12249-1-1779652136.rar","triage",""
"2026-06-23 19:54:22","2183","Naked Geralt - All in One Installer v0.6.7 - for 1.31-2183-0-6-7.zip","120.55","https://www.nexusmods.com/witcher3/mods/2183","C:\Users\marti\Downloads\Naked Geralt - All in One Installer v0.6.7 - for 1.31-2183-0-6-7.zip","triage",""
"2026-06-23 19:52:35","7343","modFriendlyMeditation-7343-0-9-8NGE-1716371869.zip","0.31","https://www.nexusmods.com/witcher3/mods/7343","C:\Users\marti\Downloads\modFriendlyMeditation-7343-0-9-8NGE-1716371869.zip","triage",""
"2026-06-23 19:45:52","9963","The Witcher 3 HD Reworked Project NextGen Edition-9963-20-0-fixed-1736185630.7z","12034.03","https://www.nexusmods.com/witcher3/mods/9963","C:\Users\marti\Downloads\The Witcher 3 HD Reworked Project NextGen Edition-9963-20-0-fixed-1736185630.7z","triage",""
"2026-06-23 19:31:58","9028","BGMv3 mixed Ver 2-9028-2-1713517286.zip","0.01","https://www.nexusmods.com/witcher3/mods/9028","C:\Users\marti\Downloads\BGMv3 mixed Ver 2-9028-2-1713517286.zip","triage",""
"2026-06-23 19:28:21","2686","Beautiful Grass V3-2686-3-0.zip","129.32","https://www.nexusmods.com/witcher3/mods/2686","C:\Users\marti\Downloads\Beautiful Grass V3-2686-3-0.zip","triage",""
"2026-06-23 19:05:20","10551","RT CHAR DX12-10551-0-03-1742682859.rar","10.43","https://www.nexusmods.com/witcher3/mods/10551","C:\Users\marti\Downloads\RT CHAR DX12-10551-0-03-1742682859.rar","triage",""
"2026-06-23 18:59:43","10761","SSAO Tweak Non-RT Eyes Fix-10761-1-1-1746638131.7z","0","https://www.nexusmods.com/witcher3/mods/10761","C:\Users\marti\Downloads\SSAO Tweak Non-RT Eyes Fix-10761-1-1-1746638131.7z","triage",""
"2026-06-23 18:56:33","7221","Enable Jumping in Water-7221-1-3-1705444930.rar","0.08","https://www.nexusmods.com/witcher3/mods/7221","C:\Users\marti\Downloads\Enable Jumping in Water-7221-1-3-1705444930.rar","triage",""
"2026-06-23 18:55:18","659","Jump in Shallow Water 1.3-659-1-3.zip","0.1","https://www.nexusmods.com/witcher3/mods/659","C:\Users\marti\Downloads\Jump in Shallow Water 1.3-659-1-3.zip","triage",""
"2026-06-23 18:50:20","7175","Stack Your Items-7175-1-1-0-1762804043.zip","0.14","https://www.nexusmods.com/witcher3/mods/7175","C:\Users\marti\Downloads\Stack Your Items-7175-1-1-0-1762804043.zip","triage",""
"2026-06-23 18:07:08","8997","Icy Ocean - Killer Whale-8997-1-0-1712950349(1).zip","0.13","https://www.nexusmods.com/witcher3/mods/8997","C:\Users\marti\Downloads\Icy Ocean - Killer Whale-8997-1-0-1712950349(1).zip","triage",""
"2026-06-23 18:06:52","8997","Icy Ocean - Killer Whale-8997-1-0-1712950349.zip","0.13","https://www.nexusmods.com/witcher3/mods/8997","C:\Users\marti\Downloads\Icy Ocean - Killer Whale-8997-1-0-1712950349.zip","triage",""
"2026-06-23 17:54:24","1424","No Journal Sounds-1424-1-31-0-1.zip","0.04","https://www.nexusmods.com/witcher3/mods/1424","C:\Users\marti\Downloads\No Journal Sounds-1424-1-31-0-1.zip","triage",""
"2026-06-23 17:52:29","3580","1- HD Monsters Reworked 5.0 Next Gen - Part 2-3580-5-0-1679836281.7z","2879.18","https://www.nexusmods.com/witcher3/mods/3580","C:\Users\marti\Downloads\1- HD Monsters Reworked 5.0 Next Gen - Part 2-3580-5-0-1679836281.7z","triage",""
"2026-06-23 17:52:00","9358","Less music-9358-4-1721417234.rar","0.01","https://www.nexusmods.com/witcher3/mods/9358","C:\Users\marti\Downloads\Less music-9358-4-1721417234.rar","triage",""
"2026-06-23 17:41:32","6421","Less Is More tweaked-6421-1-1-1645636423.zip","0.01","https://www.nexusmods.com/witcher3/mods/6421","C:\Users\marti\Downloads\Less Is More tweaked-6421-1-1-1645636423.zip","triage",""
"2026-06-23 16:40:25","3580","HD Monsters Reworked 5.0 Next Gen - Part 1-3580-5-0-1679834194.7z","4266.08","https://www.nexusmods.com/witcher3/mods/3580","C:\Users\marti\Downloads\HD Monsters Reworked 5.0 Next Gen - Part 1-3580-5-0-1679834194.7z","triage",""
"2026-06-23 16:14:20","7302","Ice Breath Next Gen-7302-1-06-1742909024.zip","0.71","https://www.nexusmods.com/witcher3/mods/7302","C:\Users\marti\Downloads\Ice Breath Next Gen-7302-1-06-1742909024.zip","triage",""
"2026-06-23 15:50:00","3580","HDMR 5 LOD Optimization Next Gen-3580-5-0-1678619941.7z","41.33","https://www.nexusmods.com/witcher3/mods/3580","C:\Users\marti\Downloads\HDMR 5 LOD Optimization Next Gen-3580-5-0-1678619941.7z","triage",""
"2026-06-23 15:18:00","5669","Faction Appearance Project-5669-4-02-1744380426.rar","226.39","https://www.nexusmods.com/witcher3/mods/5669","C:\Users\marti\Downloads\Faction Appearance Project-5669-4-02-1744380426.rar","triage",""
"2026-06-23 15:17:53","7051","00 - zzjay NPCs-7051-1-3-1760829302.zip","133.95","https://www.nexusmods.com/witcher3/mods/7051","C:\Users\marti\Downloads\00 - zzjay NPCs-7051-1-3-1760829302.zip","triage",""
"2026-06-23 15:15:24","7072","02 - BW NPCS - AIO - Regis NO EYES-7072-1-1-1723999812.zip","37.89","https://www.nexusmods.com/witcher3/mods/7072","C:\Users\marti\Downloads\02 - BW NPCS - AIO - Regis NO EYES-7072-1-1-1723999812.zip","triage",""
"2026-06-23 15:15:22","2283","5.1- The Butcher Of Blaviken DV -WE SS- PS-4K-2283-DefinitiveVersion-1703517743.7z","473.37","https://www.nexusmods.com/witcher3/mods/2283","C:\Users\marti\Downloads\5.1- The Butcher Of Blaviken DV -WE SS- PS-4K-2283-DefinitiveVersion-1703517743.7z","triage",""
"2026-06-23 15:15:03","11264","Wild Hunt Warriors Overhauled - BiA Version-11264-1-0-1765404789.zip","3.92","https://www.nexusmods.com/witcher3/mods/11264","C:\Users\marti\Downloads\Wild Hunt Warriors Overhauled - BiA Version-11264-1-0-1765404789.zip","triage",""
"2026-06-23 15:12:18","3223","Triss (G)Lorifed-3223-LATEST-1561002981.rar","93.92","https://www.nexusmods.com/witcher3/mods/3223","C:\Users\marti\Downloads\Triss (G)Lorifed-3223-LATEST-1561002981.rar","triage",""
"2026-06-23 15:11:57","4643","Warmly Dressed Skelligers - Next Gen-4643-3-1-1768434267.rar","4.01","https://www.nexusmods.com/witcher3/mods/4643","C:\Users\marti\Downloads\Warmly Dressed Skelligers - Next Gen-4643-3-1-1768434267.rar","triage",""
"2026-06-23 15:11:36","10161","TemeriaFactionOverhaul-10161-1-5-1776004218.zip","72.12","https://www.nexusmods.com/witcher3/mods/10161","C:\Users\marti\Downloads\TemeriaFactionOverhaul-10161-1-5-1776004218.zip","triage",""
"2026-06-23 15:10:47","4341","Realistic Eyes Fixed - 2K - BiA-4341-1-3-1771846743.zip","90.64","https://www.nexusmods.com/witcher3/mods/4341","C:\Users\marti\Downloads\Realistic Eyes Fixed - 2K - BiA-4341-1-3-1771846743.zip","triage",""
"2026-06-23 15:10:15","11636","AnariettaOverhaul-11636-1-1-1-1766866072.zip","40.04","https://www.nexusmods.com/witcher3/mods/11636","C:\Users\marti\Downloads\AnariettaOverhaul-11636-1-1-1-1766866072.zip","triage",""
"2026-06-23 15:09:45","8829","They cant be saved-8829-1-1707043306.zip","21.59","https://www.nexusmods.com/witcher3/mods/8829","C:\Users\marti\Downloads\They cant be saved-8829-1-1707043306.zip","triage",""
"2026-06-23 15:06:47","4820","Face 80 percent of color saturation-4820-1-1-1740743077.zip","39.65","https://www.nexusmods.com/witcher3/mods/4820","C:\Users\marti\Downloads\Face 80 percent of color saturation-4820-1-1-1740743077.zip","triage",""
"2026-06-23 15:06:11","4341","Realistic Eyes Fixed - 2K - Full - BiA-4341-1-3-1771847074.zip","98.42","https://www.nexusmods.com/witcher3/mods/4341","C:\Users\marti\Downloads\Realistic Eyes Fixed - 2K - Full - BiA-4341-1-3-1771847074.zip","triage",""
"2026-06-23 15:05:56","4820","Face 80 percent of color saturation - Scar-4820-1-1-1740743135.zip","33.95","https://www.nexusmods.com/witcher3/mods/4820","C:\Users\marti\Downloads\Face 80 percent of color saturation - Scar-4820-1-1-1740743135.zip","triage",""
"2026-06-23 15:03:04","4820","Eyes-4820-1-0-1591373128.zip","0.08","https://www.nexusmods.com/witcher3/mods/4820","C:\Users\marti\Downloads\Eyes-4820-1-0-1591373128.zip","triage",""
"2026-06-23 15:01:56","5631","Slimmer Griffin Armor-5631-1-4-1625179914.zip","20.72","https://www.nexusmods.com/witcher3/mods/5631","C:\Users\marti\Downloads\Slimmer Griffin Armor-5631-1-4-1625179914.zip","triage",""
"2026-06-23 15:01:34","445","Lore-friendly Silver Swords 2.1b-445-2-1-1771608670.zip","8.59","https://www.nexusmods.com/witcher3/mods/445","C:\Users\marti\Downloads\Lore-friendly Silver Swords 2.1b-445-2-1-1771608670.zip","triage",""
"2026-06-23 15:01:28","8956","Vegetation Billboards Remastered V3-8956-3-1-1769079568.zip","383.76","https://www.nexusmods.com/witcher3/mods/8956","C:\Users\marti\Downloads\Vegetation Billboards Remastered V3-8956-3-1-1769079568.zip","triage",""
"2026-06-23 14:58:32","445","Ciri's sword 2.0b-445-2-0-1676299398.zip","0.38","https://www.nexusmods.com/witcher3/mods/445","C:\Users\marti\Downloads\Ciri's sword 2.0b-445-2-0-1676299398.zip","triage",""
"2026-06-23 14:58:05","3537","VGX Village Cutscene-3537-1-1-1b-1765732804.zip","2.73","https://www.nexusmods.com/witcher3/mods/3537","C:\Users\marti\Downloads\VGX Village Cutscene-3537-1-1-1b-1765732804.zip","triage",""
"2026-06-23 14:56:20","8890","Ray Bleach-8890-1-0-1709182310.zip","0","https://www.nexusmods.com/witcher3/mods/8890","C:\Users\marti\Downloads\Ray Bleach-8890-1-0-1709182310.zip","triage",""
"2026-06-23 14:55:38","10807","Novigrad Sewers Lighting Improved-10807-1-03-1771804955.rar","0.13","https://www.nexusmods.com/witcher3/mods/10807","C:\Users\marti\Downloads\Novigrad Sewers Lighting Improved-10807-1-03-1771804955.rar","triage",""
"2026-06-23 14:54:15","8072","New Toussaint Clouds - H3IST Edit-8072-1-1-3-1699467221.rar","5.18","https://www.nexusmods.com/witcher3/mods/8072","C:\Users\marti\Downloads\New Toussaint Clouds - H3IST Edit-8072-1-1-3-1699467221.rar","triage",""
"2026-06-23 14:54:03","8072","New Toussaint Clouds-8072-1-3-1704244061.rar","7.72","https://www.nexusmods.com/witcher3/mods/8072","C:\Users\marti\Downloads\New Toussaint Clouds-8072-1-3-1704244061.rar","triage",""
"2026-06-23 14:52:32","3315","New Clouds 3.0-3315-3-0-1680189337.rar","18.39","https://www.nexusmods.com/witcher3/mods/3315","C:\Users\marti\Downloads\New Clouds 3.0-3315-3-0-1680189337.rar","triage",""
"2026-06-23 14:49:23","9022","Larger White Orchard (1.32)-9022-1-01-1718911610.7z","0.25","https://www.nexusmods.com/witcher3/mods/9022","C:\Users\marti\Downloads\Larger White Orchard (1.32)-9022-1-01-1718911610.7z","triage",""
"2026-06-23 14:48:38","8865","Improved RT Reflections and Shadows-8865-1-03-1755030985.rar","0","https://www.nexusmods.com/witcher3/mods/8865","C:\Users\marti\Downloads\Improved RT Reflections and Shadows-8865-1-03-1755030985.rar","triage",""
"2026-06-23 14:48:27","8865","Improved RT Reflections and Shadows Sharp Shadows-8865-1-02-1755022034.rar","0","https://www.nexusmods.com/witcher3/mods/8865","C:\Users\marti\Downloads\Improved RT Reflections and Shadows Sharp Shadows-8865-1-02-1755022034.rar","triage",""
"2026-06-23 14:47:14","10447","Better Grass AO-10447-1-0-1743376538.zip","0.26","https://www.nexusmods.com/witcher3/mods/10447","C:\Users\marti\Downloads\Better Grass AO-10447-1-0-1743376538.zip","triage",""
"2026-06-23 14:45:35","8152","Ciri's Fate-8152-3-0-1-1764655192.zip","311.35","https://www.nexusmods.com/witcher3/mods/8152","C:\Users\marti\Downloads\Ciri's Fate-8152-3-0-1-1764655192.zip","triage",""
"2026-06-23 14:45:15","7761","Standardised Naming Convention - Bombs-7761-1-0-2-1736499365.zip","0.06","https://www.nexusmods.com/witcher3/mods/7761","C:\Users\marti\Downloads\Standardised Naming Convention - Bombs-7761-1-0-2-1736499365.zip","triage",""
"2026-06-23 14:44:33","7155","Smooth Camera Motion-7155-1-0-1670978942.rar","0.01","https://www.nexusmods.com/witcher3/mods/7155","C:\Users\marti\Downloads\Smooth Camera Motion-7155-1-0-1670978942.rar","triage",""
"2026-06-23 14:42:28","358","SkipMovies-358-4-0-1671032845.zip","0.01","https://www.nexusmods.com/witcher3/mods/358","C:\Users\marti\Downloads\SkipMovies-358-4-0-1671032845.zip","triage",""
"2026-06-23 14:32:45","816","Skip storybook-816-1-0.7z","0.01","https://www.nexusmods.com/witcher3/mods/816","C:\Users\marti\Downloads\Skip storybook-816-1-0.7z","triage",""
"2026-06-23 14:30:46","10419","Unread Schematics and Recipes - Next-Gen-10419-1-3-1764868968.7z","0.01","https://www.nexusmods.com/witcher3/mods/10419","C:\Users\marti\Downloads\Unread Schematics and Recipes - Next-Gen-10419-1-3-1764868968.7z","triage",""
"2026-06-23 14:29:03","5468","UD-SE-Minor Tweaks-Extras-Patch - Next-Gen-5468-2-6d-1768319756.zip","0.09","https://www.nexusmods.com/witcher3/mods/5468","C:\Users\marti\Downloads\UD-SE-Minor Tweaks-Extras-Patch - Next-Gen-5468-2-6d-1768319756.zip","triage",""
"2026-06-23 14:26:39","8206","Colored Map Markers Compatibility Patch (SGUI)-8206-1-1-1779984470.zip","0.38","https://www.nexusmods.com/witcher3/mods/8206","C:\Users\marti\Downloads\Colored Map Markers Compatibility Patch (SGUI)-8206-1-1-1779984470.zip","triage",""
"2026-06-23 14:24:28","10389","Rational Crafting-10389-1-1-1-1761991819.zip","0.03","https://www.nexusmods.com/witcher3/mods/10389","C:\Users\marti\Downloads\Rational Crafting-10389-1-1-1-1761991819.zip","triage",""
"2026-06-23 14:24:04","7007","Potions Tab Expanded-7007-1-01-1674937735.7z","0.74","https://www.nexusmods.com/witcher3/mods/7007","C:\Users\marti\Downloads\Potions Tab Expanded-7007-1-01-1674937735.7z","triage",""
"2026-06-23 14:23:49","7007","Potions Tab Expanded Adaptations-7007-1-02-1675252766.7z","1.17","https://www.nexusmods.com/witcher3/mods/7007","C:\Users\marti\Downloads\Potions Tab Expanded Adaptations-7007-1-02-1675252766.7z","triage",""
"2026-06-23 14:22:53","8780","0. Mutagen Tab Alchemy - Next Gen-8780-4-1-1767028435.zip","0","https://www.nexusmods.com/witcher3/mods/8780","C:\Users\marti\Downloads\0. Mutagen Tab Alchemy - Next Gen-8780-4-1-1767028435.zip","triage",""
"2026-06-23 14:20:43","11657","Easier to Read for TW3 - Belgrano-11657-1-0-1767247130.rar","0.11","https://www.nexusmods.com/witcher3/mods/11657","C:\Users\marti\Downloads\Easier to Read for TW3 - Belgrano-11657-1-0-1767247130.rar","triage",""
"2026-06-23 14:20:28","11657","Easier to Read for TW3 - UI Fix.rar","0.91","https://www.nexusmods.com/witcher3/mods/11657","C:\Users\marti\Downloads\Easier to Read for TW3 - UI Fix.rar","triage","Source inferred from paired Belgrano download and Nexus page."
"2026-06-23 14:18:42","10256","Better Icons - Definitive Edition (Next Gen) W3EE-10256-W3EE-1-4-2i-1767827107(1).7z","27.86","https://www.nexusmods.com/witcher3/mods/10256","C:\Users\marti\Downloads\Better Icons - Definitive Edition (Next Gen) W3EE-10256-W3EE-1-4-2i-1767827107(1).7z","triage",""
"2026-06-23 14:17:26","11339","Advanced Icons for Witcher Gear (version E)-11339-2-3-1763466572.zip","0.97","https://www.nexusmods.com/witcher3/mods/11339","C:\Users\marti\Downloads\Advanced Icons for Witcher Gear (version E)-11339-2-3-1763466572.zip","triage",""
"2026-06-23 14:16:08","10014","mod00UnreasonablePlotRedesigned-10014-2-0b-1770434739.zip","0.72","https://www.nexusmods.com/witcher3/mods/10014","C:\Users\marti\Downloads\mod00UnreasonablePlotRedesigned-10014-2-0b-1770434739.zip","triage",""
"2026-06-23 14:09:42","2770","Lamp On Player's Boat - No City Light-2770-2-1-1776701864.7z","0.05","https://www.nexusmods.com/witcher3/mods/2770","C:\Users\marti\Downloads\Lamp On Player's Boat - No City Light-2770-2-1-1776701864.7z","triage",""
"2026-06-23 14:08:07","7187","DLC Names From The Path-7187-3-4-1728248931.7z","0.02","https://www.nexusmods.com/witcher3/mods/7187","C:\Users\marti\Downloads\DLC Names From The Path-7187-3-4-1728248931.7z","triage",""
"2026-06-23 14:07:25","8464","Corvo Bianco Guests Extended-8464-2-0-1-1764411470.zip","0.2","https://www.nexusmods.com/witcher3/mods/8464","C:\Users\marti\Downloads\Corvo Bianco Guests Extended-8464-2-0-1-1764411470.zip","triage",""
"2026-06-23 14:07:12","8715","CorvoBiancoCollection-8715-1-9a-1774723670.zip","0.2","https://www.nexusmods.com/witcher3/mods/8715","C:\Users\marti\Downloads\CorvoBiancoCollection-8715-1-9a-1774723670.zip","triage",""
"2026-06-23 14:06:49","12042","Cinematic Fast Travel-12042-2-0-1780821571.rar","0.02","https://www.nexusmods.com/witcher3/mods/12042","C:\Users\marti\Downloads\Cinematic Fast Travel-12042-2-0-1780821571.rar","triage",""
"2026-06-23 14:05:37","11300","Useful Place of Power Map Pin - Next-Gen-11300-1-1-1764868477.7z","0","https://www.nexusmods.com/witcher3/mods/11300","C:\Users\marti\Downloads\Useful Place of Power Map Pin - Next-Gen-11300-1-1-1764868477.7z","triage",""
"2026-06-23 14:04:41","7592","Selected Bomb for Monster Nests-7592-2-0-0-1762881147.zip","0","https://www.nexusmods.com/witcher3/mods/7592","C:\Users\marti\Downloads\Selected Bomb for Monster Nests-7592-2-0-0-1762881147.zip","triage",""
"2026-06-23 14:04:22","10463","Main - Menu Strings version-10463-1-0-1-1741608341.7z","1.14","https://www.nexusmods.com/witcher3/mods/10463","C:\Users\marti\Downloads\Main - Menu Strings version-10463-1-0-1-1741608341.7z","triage",""
"2026-06-23 14:03:15","332","QuickLoad-332-v4-0-4-1767435456.7z","0.02","https://www.nexusmods.com/witcher3/mods/332","C:\Users\marti\Downloads\QuickLoad-332-v4-0-4-1767435456.7z","triage",""
"2026-06-23 14:02:34","6568","Progress on the Path - W3EE Redux-6568-6-0-0-7-1731236903.zip","2.35","https://www.nexusmods.com/witcher3/mods/6568","C:\Users\marti\Downloads\Progress on the Path - W3EE Redux-6568-6-0-0-7-1731236903.zip","triage",""
"2026-06-23 14:01:04","8454","No Missable Trophies-8454-2-0-0-1763223157.zip","0.08","https://www.nexusmods.com/witcher3/mods/8454","C:\Users\marti\Downloads\No Missable Trophies-8454-2-0-0-1763223157.zip","triage",""
"2026-06-23 13:54:22","8119","No Missable Mutagens-8119-2-0-0-1763221728.zip","0.02","https://www.nexusmods.com/witcher3/mods/8119","C:\Users\marti\Downloads\No Missable Mutagens-8119-2-0-0-1763221728.zip","triage",""
"2026-06-23 13:22:31","9221","Loot In Water (Next-Gen 4.04)-9221-0-3-1718965649.zip","0.02","https://www.nexusmods.com/witcher3/mods/9221","C:\Users\marti\Downloads\Loot In Water (Next-Gen 4.04)-9221-0-3-1718965649.zip","triage",""
"2026-06-23 13:20:32","646","Unseen Monsters-646-1-21.7z","0","https://www.nexusmods.com/witcher3/mods/646","C:\Users\marti\Downloads\Unseen Monsters-646-1-21.7z","triage",""
"2026-06-23 13:20:16","1710","Sort Everything - Next Gen-1710-1-44-1689965693.zip","3.8","https://www.nexusmods.com/witcher3/mods/1710","C:\Users\marti\Downloads\Sort Everything - Next Gen-1710-1-44-1689965693.zip","triage",""
"2026-06-23 13:15:00","1369","No Enemy Dots And No Herbs - NGE-1369-1-40-1686918606.zip","0.22","https://www.nexusmods.com/witcher3/mods/1369","C:\Users\marti\Downloads\No Enemy Dots And No Herbs - NGE-1369-1-40-1686918606.zip","triage",""
"2026-06-23 13:14:11","2019","Instant Tooltips-2019-1-311.7z","0.21","https://www.nexusmods.com/witcher3/mods/2019","C:\Users\marti\Downloads\Instant Tooltips-2019-1-311.7z","triage",""
"2026-06-23 13:10:38","938","Colored Map Markers - Next Gen-938-1-50-1779902790.zip","1.65","https://www.nexusmods.com/witcher3/mods/938","C:\Users\marti\Downloads\Colored Map Markers - Next Gen-938-1-50-1779902790.zip","triage",""
"2026-06-23 13:07:54","2034","Additional Stash Locations - Next Gen-2034-1-404-1689964849.zip","0.12","https://www.nexusmods.com/witcher3/mods/2034","C:\Users\marti\Downloads\Additional Stash Locations - Next Gen-2034-1-404-1689964849.zip","triage",""
"2026-06-23 13:05:04","2968","Additional Armor Stands - Unicorn Edition-2968-0-1-1591599758.7z","0","https://www.nexusmods.com/witcher3/mods/2968","C:\Users\marti\Downloads\Additional Armor Stands - Unicorn Edition-2968-0-1-1591599758.7z","triage",""
"2026-06-23 13:02:04","7442","Version C-7442-1-0-1672156393.rar","0.01","https://www.nexusmods.com/witcher3/mods/7442","C:\Users\marti\Downloads\Version C-7442-1-0-1672156393.rar","triage",""
"2026-06-23 12:59:34","5104","Essential Weapon Rework - NEXT GEN-5104-4-2-1766071605.rar","0.28","https://www.nexusmods.com/witcher3/mods/5104","C:\Users\marti\Downloads\Essential Weapon Rework - NEXT GEN-5104-4-2-1766071605.rar","triage",""
"2026-06-23 12:58:40","5104","Life Steal Fix-5104-1-0-1749102829.rar","0.07","https://www.nexusmods.com/witcher3/mods/5104","C:\Users\marti\Downloads\Life Steal Fix-5104-1-0-1749102829.rar","triage",""
"2026-06-23 12:56:37","10416","Superior Black Blood redesign-10416-1-1-1749839573.7z","0.02","https://www.nexusmods.com/witcher3/mods/10416","C:\Users\marti\Downloads\Superior Black Blood redesign-10416-1-1-1749839573.7z","triage",""
"2026-06-23 12:56:14","10416","Resistance to bleeding in necrophages and vampires-10416-1-1-1741507347.7z","0.01","https://www.nexusmods.com/witcher3/mods/10416","C:\Users\marti\Downloads\Resistance to bleeding in necrophages and vampires-10416-1-1-1741507347.7z","triage",""
"2026-06-23 12:29:27","7774","No Stair Rolling-7774-1-0-1674652801.zip","0.01","https://www.nexusmods.com/witcher3/mods/7774","C:\Users\marti\Downloads\No Stair Rolling-7774-1-0-1674652801.zip","triage",""
"2026-06-23 12:28:25","9017","modBombAiming_NG-9017-1-00-1713079097.7z","0.01","https://www.nexusmods.com/witcher3/mods/9017","C:\Users\marti\Downloads\modBombAiming_NG-9017-1-00-1713079097.7z","triage",""
"2026-06-23 12:19:21","7229","Improved Horse Controls - W3EE version-7229-4-4a-1749902572.zip","0.02","https://www.nexusmods.com/witcher3/mods/7229","C:\Users\marti\Downloads\Improved Horse Controls - W3EE version-7229-4-4a-1749902572.zip","triage",""
"2026-06-23 12:13:00","3703","modImprovedFistFightNGE-3703-4-04-00-1689864508.zip","0.11","https://www.nexusmods.com/witcher3/mods/3703","C:\Users\marti\Downloads\modImprovedFistFightNGE-3703-4-04-00-1689864508.zip","triage",""
"2026-06-23 12:10:43","7269","Enhanced Herbalism-7269-2-0-0-1762800663.zip","0.02","https://www.nexusmods.com/witcher3/mods/7269","C:\Users\marti\Downloads\Enhanced Herbalism-7269-2-0-0-1762800663.zip","triage",""
"2026-06-23 12:09:16","8078","Crossbow Rework-8078-1-7-1779137594.zip","0.04","https://www.nexusmods.com/witcher3/mods/8078","C:\Users\marti\Downloads\Crossbow Rework-8078-1-7-1779137594.zip","triage",""
"2026-06-23 12:08:50","8078","Crossbow Rework (Witcher School Set Rework)-8078-1-7-1779137574.zip","0.04","https://www.nexusmods.com/witcher3/mods/8078","C:\Users\marti\Downloads\Crossbow Rework (Witcher School Set Rework)-8078-1-7-1779137574.zip","triage",""
"2026-06-23 12:08:19","3097","Cheaper Lore Friendlier Shop Prices-3097-4-04-1-1700091456.7z","0.04","https://www.nexusmods.com/witcher3/mods/3097","C:\Users\marti\Downloads\Cheaper Lore Friendlier Shop Prices-3097-4-04-1-1700091456.7z","triage",""
"2026-06-23 12:07:41","7186","Better Torches Next-Gen-7186-4-4-0-1689801474.7z","0.1","https://www.nexusmods.com/witcher3/mods/7186","C:\Users\marti\Downloads\Better Torches Next-Gen-7186-4-4-0-1689801474.7z","triage",""
"2026-06-23 12:07:03","10295","Balanced Alcohol Prices-10295-1-0-1-1761992119.zip","0.01","https://www.nexusmods.com/witcher3/mods/10295","C:\Users\marti\Downloads\Balanced Alcohol Prices-10295-1-0-1-1761992119.zip","triage",""
"2026-06-23 12:06:32","11799","Triss Earrings Fix-11799-0-1-1769550321.zip","0","https://www.nexusmods.com/witcher3/mods/11799","C:\Users\marti\Downloads\Triss Earrings Fix-11799-0-1-1769550321.zip","triage",""
"2026-06-23 12:06:20","9287","Triss Corvo Bianco True Dress-9287-1-1718888918.rar","4.58","https://www.nexusmods.com/witcher3/mods/9287","C:\Users\marti\Downloads\Triss Corvo Bianco True Dress-9287-1-1718888918.rar","triage",""
"2026-06-23 12:05:46","12196","Removing oil descriptions when charges exhausted-12196-1-0-1778486967.7z","0.07","https://www.nexusmods.com/witcher3/mods/12196","C:\Users\marti\Downloads\Removing oil descriptions when charges exhausted-12196-1-0-1778486967.7z","triage",""
"2026-06-23 12:05:13","11144","RT Water Reflection Fix-11144-1-05-1767469921.rar","0","https://www.nexusmods.com/witcher3/mods/11144","C:\Users\marti\Downloads\RT Water Reflection Fix-11144-1-05-1767469921.rar","triage",""
"2026-06-23 12:04:54","9688","NPC targeting priority and Axii fixes-9688-1-4-1-1771377437.7z","0.05","https://www.nexusmods.com/witcher3/mods/9688","C:\Users\marti\Downloads\NPC targeting priority and Axii fixes-9688-1-4-1-1771377437.7z","triage",""
"2026-06-23 12:03:57","9717","TW3_Next_Gen_Shadows_Flicker_Fix-9717-v1-2-1727630031.zip","2.82","https://www.nexusmods.com/witcher3/mods/9717","C:\Users\marti\Downloads\TW3_Next_Gen_Shadows_Flicker_Fix-9717-v1-2-1727630031.zip","triage",""
"2026-06-23 12:03:28","8236","Morgue Lights Fix-8236-1-2-1755112856.rar","0.02","https://www.nexusmods.com/witcher3/mods/8236","C:\Users\marti\Downloads\Morgue Lights Fix-8236-1-2-1755112856.rar","triage",""
"2026-06-23 12:03:20","10519","Menu Organizer (OG 1.32)-10519-4-0-0-1778328882.7z","0.09","https://www.nexusmods.com/witcher3/mods/10519","C:\Users\marti\Downloads\Menu Organizer (OG 1.32)-10519-4-0-0-1778328882.7z","triage",""
"2026-06-23 12:02:33","10998","RedanianRoyalShip-10998-1-2-1-1763599170.zip","23.67","https://www.nexusmods.com/witcher3/mods/10998","C:\Users\marti\Downloads\RedanianRoyalShip-10998-1-2-1-1763599170.zip","triage",""
"2026-06-23 12:01:48","10593","Gameplay Mimics Fix-10593-2-1-1772495836.zip","0","https://www.nexusmods.com/witcher3/mods/10593","C:\Users\marti\Downloads\Gameplay Mimics Fix-10593-2-1-1772495836.zip","triage",""
"2026-06-23 12:01:21","7173","Fix Stuck Quest Items-7173-2-0-0-1762796162.zip","0.06","https://www.nexusmods.com/witcher3/mods/7173","C:\Users\marti\Downloads\Fix Stuck Quest Items-7173-2-0-0-1762796162.zip","triage",""
"2026-06-23 12:00:39","11267","Fix sounds of sword hits when adding effects-11267-1-2-5-1-1770319556.7z","0.04","https://www.nexusmods.com/witcher3/mods/11267","C:\Users\marti\Downloads\Fix sounds of sword hits when adding effects-11267-1-2-5-1-1770319556.7z","triage",""
"2026-06-23 12:00:28","11267","Fix sound of rotfiend exploding-11267-1-2-6-1771986672.7z","0","https://www.nexusmods.com/witcher3/mods/11267","C:\Users\marti\Downloads\Fix sound of rotfiend exploding-11267-1-2-6-1771986672.7z","triage",""
"2026-06-23 11:58:45","9149","Fix Ocean Bottom (Next-Gen 4.04)-9149-0-2-1717843180.zip","0","https://www.nexusmods.com/witcher3/mods/9149","C:\Users\marti\Downloads\Fix Ocean Bottom (Next-Gen 4.04)-9149-0-2-1717843180.zip","triage",""
"2026-06-23 11:57:59","8316","Fix Loot Sound 4.03-8316-0-2-1688671368.zip","0.05","https://www.nexusmods.com/witcher3/mods/8316","C:\Users\marti\Downloads\Fix Loot Sound 4.03-8316-0-2-1688671368.zip","triage",""
"2026-06-23 11:56:45","10449","modFixNGESwordsBugfix (Next-Gen)-10449-1-0-1-1739536711.zip","0","https://www.nexusmods.com/witcher3/mods/10449","C:\Users\marti\Downloads\modFixNGESwordsBugfix (Next-Gen)-10449-1-0-1-1739536711.zip","triage",""
"2026-06-23 11:56:12","7919","Fix Ciri Invul (Next-Gen 4.04)-7919-0-2-1717914511.zip","0","https://www.nexusmods.com/witcher3/mods/7919","C:\Users\marti\Downloads\Fix Ciri Invul (Next-Gen 4.04)-7919-0-2-1717914511.zip","triage",""
"2026-06-23 11:55:26","11992","Fix animation of critical effects - Next Gen-11992-1-1-1774596124.7z","0.38","https://www.nexusmods.com/witcher3/mods/11992","C:\Users\marti\Downloads\Fix animation of critical effects - Next Gen-11992-1-1-1774596124.7z","triage",""
"2026-06-23 11:54:11","7115","Dandelion Scarf Fix-7115-1-0-1668901724.zip","0.08","https://www.nexusmods.com/witcher3/mods/7115","C:\Users\marti\Downloads\Dandelion Scarf Fix-7115-1-0-1668901724.zip","triage",""
"2026-06-23 11:53:40","10503","Counterattack Fixes-10503-1-3-1778274602.7z","0.11","https://www.nexusmods.com/witcher3/mods/10503","C:\Users\marti\Downloads\Counterattack Fixes-10503-1-3-1778274602.7z","triage",""
"2026-06-23 11:52:15","11862","Correct burning name-11862-1-0-1770808195.7z","0.01","https://www.nexusmods.com/witcher3/mods/11862","C:\Users\marti\Downloads\Correct burning name-11862-1-0-1770808195.7z","triage",""
"2026-06-23 11:51:53","8732","Cat Hood Fix-8732-1-02-1756313767.rar","0.07","https://www.nexusmods.com/witcher3/mods/8732","C:\Users\marti\Downloads\Cat Hood Fix-8732-1-02-1756313767.rar","triage",""
"2026-06-23 08:49:33","9987","BiA - HDRP Compatible Patch-9987-1-1-1764609344.zip","16.64","https://www.nexusmods.com/witcher3/mods/9987","C:\Users\marti\Downloads\BiA - HDRP Compatible Patch-9987-1-1-1764609344.zip","triage",""
"2026-06-23 08:48:58","10024","Better Sword Sheathing v1.0-10024-v1-0-1733517018.zip","0.01","https://www.nexusmods.com/witcher3/mods/10024","C:\Users\marti\Downloads\Better Sword Sheathing v1.0-10024-v1-0-1733517018.zip","triage",""
"2026-06-23 08:48:24","9780","Beauclair_NPC_Spawn_Fix-9780-v1-3-1729726890.zip","0.13","https://www.nexusmods.com/witcher3/mods/9780","C:\Users\marti\Downloads\Beauclair_NPC_Spawn_Fix-9780-v1-3-1729726890.zip","triage",""
"2026-06-23 08:47:53","10939","Memory of Iris-10939-0-1-1749825659.zip","0.23","https://www.nexusmods.com/witcher3/mods/10939","C:\Users\marti\Downloads\Memory of Iris-10939-0-1-1749825659.zip","triage",""
"2026-06-23 08:47:40","9651","Ciri Witcher Ending Restoration-9651-1-1-1726416351.rar","2.03","https://www.nexusmods.com/witcher3/mods/9651","C:\Users\marti\Downloads\Ciri Witcher Ending Restoration-9651-1-1-1726416351.rar","triage",""
"2026-06-23 08:47:24","9651","Ciri Witcher Ending Restoration-9651-1-1a-1732131588.rar","2.33","https://www.nexusmods.com/witcher3/mods/9651","C:\Users\marti\Downloads\Ciri Witcher Ending Restoration-9651-1-1a-1732131588.rar","triage",""
"2026-06-23 08:46:34","9651","Ciri Witcher Ending Restoration - 10th Anniversary-9651-1-3-1764165432.rar","4.74","https://www.nexusmods.com/witcher3/mods/9651","C:\Users\marti\Downloads\Ciri Witcher Ending Restoration - 10th Anniversary-9651-1-3-1764165432.rar","triage",""
"2026-06-23 08:46:14","9651","Ciri Witcher Ending Restoration - SPECIAL-9651-1-2-1734434769.rar","2.49","https://www.nexusmods.com/witcher3/mods/9651","C:\Users\marti\Downloads\Ciri Witcher Ending Restoration - SPECIAL-9651-1-2-1734434769.rar","triage",""
"2026-06-23 08:45:26","9768","Triss Emotional Appearance-9768-1-0-1728339909.rar","4.65","https://www.nexusmods.com/witcher3/mods/9768","C:\Users\marti\Downloads\Triss Emotional Appearance-9768-1-0-1728339909.rar","triage",""
"2026-06-23 08:44:59","10556","Ciri Scene Restored-10556-1-1742042608.rar","1.19","https://www.nexusmods.com/witcher3/mods/10556","C:\Users\marti\Downloads\Ciri Scene Restored-10556-1-1742042608.rar","triage",""
"2026-06-23 08:44:48","10653","The Last Wish Final Scene Restoration-10653-1-1-1754997890.zip","9.3","https://www.nexusmods.com/witcher3/mods/10653","C:\Users\marti\Downloads\The Last Wish Final Scene Restoration-10653-1-1-1754997890.zip","triage",""
"2026-06-23 08:44:00","11216","Bald Mountain Oak Tree LOD Fix-11216-0-1-1756305405.rar","0.03","https://www.nexusmods.com/witcher3/mods/11216","C:\Users\marti\Downloads\Bald Mountain Oak Tree LOD Fix-11216-0-1-1756305405.rar","triage",""
"2026-06-23 08:43:08","11382","Auto-Gloves and Mask Off-11382-1-3-1774471492.zip","0.01","https://www.nexusmods.com/witcher3/mods/11382","C:\Users\marti\Downloads\Auto-Gloves and Mask Off-11382-1-3-1774471492.zip","triage",""
"2026-06-23 08:42:35","10530","Attack Collision Overhaul - Leshens - W3EE-10530-0-2-1741367222.zip","1.51","https://www.nexusmods.com/witcher3/mods/10530","C:\Users\marti\Downloads\Attack Collision Overhaul - Leshens - W3EE-10530-0-2-1741367222.zip","triage",""
"2026-06-23 08:42:07","11686","Attack Collision Overhaul - Giants-11686-0-1-1767827388.zip","3.12","https://www.nexusmods.com/witcher3/mods/11686","C:\Users\marti\Downloads\Attack Collision Overhaul - Giants-11686-0-1-1767827388.zip","triage",""
"2026-06-23 08:40:31","7185","Grammar of the Path-7185-5-7-1765657633.7z","0.59","https://www.nexusmods.com/witcher3/mods/7185","C:\Users\marti\Downloads\Grammar of the Path-7185-5-7-1765657633.7z","triage",""
"2026-06-23 08:39:21","2658","Tweaks (Next Gen version)-2658-5-1-2-1701864515.7z","0.04","https://www.nexusmods.com/witcher3/mods/2658","C:\Users\marti\Downloads\Tweaks (Next Gen version)-2658-5-1-2-1701864515.7z","triage",""
"2026-06-23 08:39:05","2658","custom.ini-2658-5-1679771323.7z","0","https://www.nexusmods.com/witcher3/mods/2658","C:\Users\marti\Downloads\custom.ini-2658-5-1679771323.7z","triage",""
"2026-06-23 08:38:07","7426","RTXGI unlocker and setting auto-updater-7426-4-04c-1739728925(1).zip","0.05","https://www.nexusmods.com/witcher3/mods/7426","C:\Users\marti\Downloads\RTXGI unlocker and setting auto-updater-7426-4-04c-1739728925(1).zip","triage",""
"2026-06-23 08:37:53","7426","Complete RT Ultra dx12user.settings-7426-4-04c-1739733271(1).zip","0.01","https://www.nexusmods.com/witcher3/mods/7426","C:\Users\marti\Downloads\Complete RT Ultra dx12user.settings-7426-4-04c-1739733271(1).zip","triage",""
"2026-06-23 07:57:36","6061","Witcher 3 Interactive Map-6061-4-0-6-0-1758192798.zip","288.19","https://www.nexusmods.com/witcher3/mods/6061","C:\Users\marti\Downloads\Witcher 3 Interactive Map-6061-4-0-6-0-1758192798.zip","triage",""
"2026-06-23 07:56:23","9173","NextgenBetterFX-9173-12-5-1-1771698366.zip","252.94","https://www.nexusmods.com/witcher3/mods/9173","C:\Users\marti\Downloads\NextgenBetterFX-9173-12-5-1-1771698366.zip","triage",""
"2026-06-23 07:52:17","10021","HDRP Test Apple-10021-1-2-1741795768.zip","3.62","https://www.nexusmods.com/witcher3/mods/10021","C:\Users\marti\Downloads\HDRP Test Apple-10021-1-2-1741795768.zip","triage",""
"2026-06-23 07:51:39","8405","SM-FAE FULL 0.9.7 release candidate 2-8405-0-9-7-1732762713.7z","112.52","https://www.nexusmods.com/witcher3/mods/8405","C:\Users\marti\Downloads\SM-FAE FULL 0.9.7 release candidate 2-8405-0-9-7-1732762713.7z","triage",""
"2026-06-23 07:49:35","10578","Mods Menu Category-10578-2-1-1745319248.zip","0.01","https://www.nexusmods.com/witcher3/mods/10578","C:\Users\marti\Downloads\Mods Menu Category-10578-2-1-1745319248.zip","triage",""
"2026-06-23 07:48:54","7979","AiO RT Tweaks v.3.2 - Ultra Plus Performance-7979-3-2-1739741820.zip","0","https://www.nexusmods.com/witcher3/mods/7979","C:\Users\marti\Downloads\AiO RT Tweaks v.3.2 - Ultra Plus Performance-7979-3-2-1739741820.zip","triage",""
"2026-06-23 07:48:08","7426","RTXGI unlocker and setting auto-updater-7426-4-04c-1739728925.zip","0.05","https://www.nexusmods.com/witcher3/mods/7426","C:\Users\marti\Downloads\RTXGI unlocker and setting auto-updater-7426-4-04c-1739728925.zip","triage",""
"2026-06-23 07:47:57","7426","Complete RT Ultra dx12user.settings-7426-4-04c-1739733271.zip","0.01","https://www.nexusmods.com/witcher3/mods/7426","C:\Users\marti\Downloads\Complete RT Ultra dx12user.settings-7426-4-04c-1739733271.zip","triage",""
"2026-06-23 07:44:32","3272","DenseRainfall-3272-1-0.zip","0.01","https://www.nexusmods.com/witcher3/mods/3272","C:\Users\marti\Downloads\DenseRainfall-3272-1-0.zip","triage",""
"2026-06-23 07:38:19","10322","Promotional Atmosphere Lighting Mod V2-10322-2-0-1767199114.7z","186.56","https://www.nexusmods.com/witcher3/mods/10322","C:\Users\marti\Downloads\Promotional Atmosphere Lighting Mod V2-10322-2-0-1767199114.7z","triage",""
"2026-06-23 07:37:22","6205","Filterless Toussaint.rar","90.75","https://www.nexusmods.com/witcher3/mods/6205","C:\Users\marti\Downloads\Filterless Toussaint.rar","triage","Source inferred from exact archive title and Nexus search result."
"2026-06-23 07:32:32","10942","Realistic Rain V3-10942-1-2-1750125428.rar","0.51","https://www.nexusmods.com/witcher3/mods/10942","C:\Users\marti\Downloads\Realistic Rain V3-10942-1-2-1750125428.rar","triage",""
"2026-06-23 07:31:48","2084","Realistic Weather 4.0-2084-4-0-1673889087.zip","0.11","https://www.nexusmods.com/witcher3/mods/2084","C:\Users\marti\Downloads\Realistic Weather 4.0-2084-4-0-1673889087.zip","triage",""
"2026-06-23 07:21:20","4138","Skellige Winter Weather System - Next Gen and GOTY-4138-2-0-1672175067.rar","66.33","https://www.nexusmods.com/witcher3/mods/4138","C:\Users\marti\Downloads\Skellige Winter Weather System - Next Gen and GOTY-4138-2-0-1672175067.rar","triage",""
"2026-06-23 07:20:08","4138","Skellige Ice Breath Compatibility - Next Gen-4138-2-0-1672174955.rar","0","https://www.nexusmods.com/witcher3/mods/4138","C:\Users\marti\Downloads\Skellige Ice Breath Compatibility - Next Gen-4138-2-0-1672174955.rar","triage",""
"2026-06-22 23:41:51","3739","HD Tree LOD Billboards-3739-0-3-1562750425.zip","31.1","https://www.nexusmods.com/witcher3/mods/3739","C:\Users\marti\Downloads\HD Tree LOD Billboards-3739-0-3-1562750425.zip","triage",""
"2026-06-22 23:13:34","5576","modDilatedPupilsBlackIrises-5576-1-0-0-1615525985.7z","3.87","https://www.nexusmods.com/witcher3/mods/5576","C:\Users\marti\Downloads\modDilatedPupilsBlackIrises-5576-1-0-0-1615525985.7z","triage",""
"2026-06-22 23:13:23","3739","HD Tree LOD Billboards for Blood and Wine-3739-0-1-1569567981.zip","5.79","https://www.nexusmods.com/witcher3/mods/3739","C:\Users\marti\Downloads\HD Tree LOD Billboards for Blood and Wine-3739-0-1-1569567981.zip","triage",""
"2026-06-22 23:00:22","9955","Alchemy Recipes Reward-9955-2-0-1767814703.zip","0.03","https://www.nexusmods.com/witcher3/mods/9955","C:\Users\marti\Downloads\Alchemy Recipes Reward-9955-2-0-1767814703.zip","triage",""
"2026-06-22 22:57:28","9416","W3EE Redux - Vigor Regen Tweak-9416-1-1-1722604945.rar","0","https://www.nexusmods.com/witcher3/mods/9416","C:\Users\marti\Downloads\W3EE Redux - Vigor Regen Tweak-9416-1-1-1722604945.rar","triage",""
"2026-06-22 22:56:39","9628","W3EE Trophies-9628-1-0-1725539831.zip","0.01","https://www.nexusmods.com/witcher3/mods/9628","C:\Users\marti\Downloads\W3EE Trophies-9628-1-0-1725539831.zip","triage",""
"2026-06-22 22:51:23","5576","modDilatedPupils-5576-1-0-0-1615449927.7z","3.86","https://www.nexusmods.com/witcher3/mods/5576","C:\Users\marti\Downloads\modDilatedPupils-5576-1-0-0-1615449927.7z","triage",""
"2026-06-22 22:50:18","5222","Music Overhaul Project Redux-5222-1-0-1602885695.zip","0","https://www.nexusmods.com/witcher3/mods/5222","C:\Users\marti\Downloads\Music Overhaul Project Redux-5222-1-0-1602885695.zip","triage",""
"2026-06-22 22:46:34","1021","The Witcher 3 HD Reworked Project Ultimate-1021-12-0-1600864972.7z","0","https://www.nexusmods.com/witcher3/mods/1021","C:\Users\marti\Downloads\The Witcher 3 HD Reworked Project Ultimate-1021-12-0-1600864972.7z","triage",""
"2026-06-22 22:44:00","4987","Less Indignant NPCs v1.1-4987-1-1-1595248968.zip","0.01","https://www.nexusmods.com/witcher3/mods/4987","C:\Users\marti\Downloads\Less Indignant NPCs v1.1-4987-1-1-1595248968.zip","triage",""
"2026-06-22 22:43:52","3163","Community Patch - Besserwisser and Nitpicker-3163-2-1-1592429912.rar","25.91","https://www.nexusmods.com/witcher3/mods/3163","C:\Users\marti\Downloads\Community Patch - Besserwisser and Nitpicker-3163-2-1-1592429912.rar","triage",""
"2026-06-22 22:43:43","1569","All NPC Scabbards v1.22-1569-1-22.rar","0.45","https://www.nexusmods.com/witcher3/mods/1569","C:\Users\marti\Downloads\All NPC Scabbards v1.22-1569-1-22.rar","triage",""
"2026-06-22 22:43:24","2356","Shields-2356-1-10a-1554850379.rar","146.55","https://www.nexusmods.com/witcher3/mods/2356","C:\Users\marti\Downloads\Shields-2356-1-10a-1554850379.rar","triage",""
"2026-06-22 22:34:21","6251","Active Medallion - Next Gen 4.04-6251-2-23b-1740359718.7z","5.09","https://www.nexusmods.com/witcher3/mods/6251","C:\Users\marti\Downloads\Active Medallion - Next Gen 4.04-6251-2-23b-1740359718.7z","triage",""
"2026-06-22 22:32:17","5826","Dynamic Witcher Schematics for W3EE Redux-5826-1-32-1657832016.7z","0.02","https://www.nexusmods.com/witcher3/mods/5826","C:\Users\marti\Downloads\Dynamic Witcher Schematics for W3EE Redux-5826-1-32-1657832016.7z","triage",""
"2026-06-22 22:31:05","5736","CCS-5736-1-0-1621602618.rar","0.11","https://www.nexusmods.com/witcher3/mods/5736","C:\Users\marti\Downloads\CCS-5736-1-0-1621602618.rar","triage",""
"2026-06-22 22:30:26","7202","Fast Travel Pack-7202-2-0-1-1764407323.zip","0.74","https://www.nexusmods.com/witcher3/mods/7202","C:\Users\marti\Downloads\Fast Travel Pack-7202-2-0-1-1764407323.zip","triage",""
"2026-06-22 22:29:29","3895","Icy Ocean (2 percent version)-3895-1-0-9-1626160902.rar","0.11","https://www.nexusmods.com/witcher3/mods/3895","C:\Users\marti\Downloads\Icy Ocean (2 percent version)-3895-1-0-9-1626160902.rar","triage",""
"2026-06-22 22:28:20","1921","Immersive Sound - Bug Fixes Only-1921-1-2.zip","0.01","https://www.nexusmods.com/witcher3/mods/1921","C:\Users\marti\Downloads\Immersive Sound - Bug Fixes Only-1921-1-2.zip","triage",""
"2026-06-22 22:28:04","1921","Immersive Sound-1921-1-2.zip","0.12","https://www.nexusmods.com/witcher3/mods/1921","C:\Users\marti\Downloads\Immersive Sound-1921-1-2.zip","triage",""
"2026-06-22 22:26:55","4751","Killing Monsters Cloak-4751-3-3-1769130189.zip","10.82","https://www.nexusmods.com/witcher3/mods/4751","C:\Users\marti\Downloads\Killing Monsters Cloak-4751-3-3-1769130189.zip","triage",""
"2026-06-22 22:25:52","3684","Less Is More Next Gen-3684-4-1671742956.zip","0.01","https://www.nexusmods.com/witcher3/mods/3684","C:\Users\marti\Downloads\Less Is More Next Gen-3684-4-1671742956.zip","triage",""
"2026-06-22 22:25:33","3684","Less Is More-3684-1-1-1565119285.zip","0.02","https://www.nexusmods.com/witcher3/mods/3684","C:\Users\marti\Downloads\Less Is More-3684-1-1-1565119285.zip","triage",""
"2026-06-22 22:25:20","3684","Less Is More-3684-1-0-1558204921.zip","0.01","https://www.nexusmods.com/witcher3/mods/3684","C:\Users\marti\Downloads\Less Is More-3684-1-0-1558204921.zip","triage",""
"2026-06-22 22:24:42","1902","modEnableMimics_blinking-1902-0-5-3b-1590864461(1).rar","0.16","https://www.nexusmods.com/witcher3/mods/1902","C:\Users\marti\Downloads\modEnableMimics_blinking-1902-0-5-3b-1590864461(1).rar","triage",""
"2026-06-22 22:24:06","1902","modEnableMimics_blinking-1902-0-5-3b-1590864461.rar","0.16","https://www.nexusmods.com/witcher3/mods/1902","C:\Users\marti\Downloads\modEnableMimics_blinking-1902-0-5-3b-1590864461.rar","triage",""
"2026-06-22 22:23:13","2937","LiveBestiary-2937-2.zip","0.51","https://www.nexusmods.com/witcher3/mods/2937","C:\Users\marti\Downloads\LiveBestiary-2937-2.zip","triage",""
"2026-06-22 22:22:44","2925","Natural Torchlight (Shared)-2925-4-31-1.zip","0.02","https://www.nexusmods.com/witcher3/mods/2925","C:\Users\marti\Downloads\Natural Torchlight (Shared)-2925-4-31-1.zip","triage",""
"2026-06-22 22:22:24","2925","Natural Torchlight (GUI)-2925-4-31-1.zip","0.03","https://www.nexusmods.com/witcher3/mods/2925","C:\Users\marti\Downloads\Natural Torchlight (GUI)-2925-4-31-1.zip","triage",""
"2026-06-22 22:21:47","2985","New Lightning FX - Alternative Script For Weathers-2985-3-0-1780921783.7z","0","https://www.nexusmods.com/witcher3/mods/2985","C:\Users\marti\Downloads\New Lightning FX - Alternative Script For Weathers-2985-3-0-1780921783.7z","triage",""
"2026-06-22 22:21:24","2985","New Lightning Effect - Next Gen Version-2985-3-0-1780800527.7z","5.31","https://www.nexusmods.com/witcher3/mods/2985","C:\Users\marti\Downloads\New Lightning Effect - Next Gen Version-2985-3-0-1780800527.7z","triage",""
"2026-06-22 22:20:47","1257","Ice Breath Menu v2.0.3-1257-2-0-3.zip","0.6","https://www.nexusmods.com/witcher3/mods/1257","C:\Users\marti\Downloads\Ice Breath Menu v2.0.3-1257-2-0-3.zip","triage",""
"2026-06-22 22:20:20","1257","playerWitcher.ws IceBreath_AMM merge 1.30 and above-1257-.zip","0.07","https://www.nexusmods.com/witcher3/mods/1257","C:\Users\marti\Downloads\playerWitcher.ws IceBreath_AMM merge 1.30 and above-1257-.zip","triage",""
"2026-06-22 22:20:03","1257","DLC Ice-1257-1-1.zip","0.01","https://www.nexusmods.com/witcher3/mods/1257","C:\Users\marti\Downloads\DLC Ice-1257-1-1.zip","triage",""
"2026-06-22 22:19:44","1257","Skellige Snow Weather-1257-1-0.zip","0","https://www.nexusmods.com/witcher3/mods/1257","C:\Users\marti\Downloads\Skellige Snow Weather-1257-1-0.zip","triage",""
"2026-06-22 22:18:53","2943","Smart Magic Lamp (Shared)-2943-3-31-1.zip","0.05","https://www.nexusmods.com/witcher3/mods/2943","C:\Users\marti\Downloads\Smart Magic Lamp (Shared)-2943-3-31-1.zip","triage",""
"2026-06-22 22:17:52","4064","Swords and Meditation-4064-2-1-ng-1671611660.rar","0.06","https://www.nexusmods.com/witcher3/mods/4064","C:\Users\marti\Downloads\Swords and Meditation-4064-2-1-ng-1671611660.rar","triage",""
"2026-06-22 22:16:10","1302","modVolumetricCloudsBootstrap_131-1302-.zip","0.01","https://www.nexusmods.com/witcher3/mods/1302","C:\Users\marti\Downloads\modVolumetricCloudsBootstrap_131-1302-.zip","triage",""
"2026-06-22 22:14:28","11599","Wearable Pocket Items Redux - Next Gen-11599-1-5-5-1771305577.7z","0.18","https://www.nexusmods.com/witcher3/mods/11599","C:\Users\marti\Downloads\Wearable Pocket Items Redux - Next Gen-11599-1-5-5-1771305577.7z","triage",""
"2026-06-22 22:11:41","6204","Patch 2.1 - AMM-6204-2-1-1650468267.rar","0.77","https://www.nexusmods.com/witcher3/mods/6204","C:\Users\marti\Downloads\Patch 2.1 - AMM-6204-2-1-1650468267.rar","triage",""
"2026-06-22 22:07:13","8285","RER_icons 1.01-8285-1-01-1688239387.rar","0.91","https://www.nexusmods.com/witcher3/mods/8285","C:\Users\marti\Downloads\RER_icons 1.01-8285-1-01-1688239387.rar","triage",""
"2026-06-22 21:40:25","5018","install-script 3.1 (NextGen) v.3.1-5018-3-1-1672948754.zip","0","https://www.nexusmods.com/witcher3/mods/5018","C:\Users\marti\Downloads\install-script 3.1 (NextGen) v.3.1-5018-3-1-1672948754.zip","triage",""
"2026-06-22 21:38:49","6049","ru '- Signs Descriptions for Long Journey Extended -'-6049-1-0-1632410153.rar","0","https://www.nexusmods.com/witcher3/mods/6049","C:\Users\marti\Downloads\ru '- Signs Descriptions for Long Journey Extended -'-6049-1-0-1632410153.rar","triage",""
"2026-06-22 21:38:28","6049","ModIntegrationAll-6049-1-95-1644927440.rar","12.15","https://www.nexusmods.com/witcher3/mods/6049","C:\Users\marti\Downloads\ModIntegrationAll-6049-1-95-1644927440.rar","triage",""
"2026-06-22 21:35:34","7129","modCerys_5app02_ShieldMaiden-7129-S-1681077917.7z","1.9","https://www.nexusmods.com/witcher3/mods/7129","C:\Users\marti\Downloads\modCerys_5app02_ShieldMaiden-7129-S-1681077917.7z","triage",""
"2026-06-22 21:35:10","7129","Cerys new appearances 0.2-7129-0-2-1669863275.7z","1.92","https://www.nexusmods.com/witcher3/mods/7129","C:\Users\marti\Downloads\Cerys new appearances 0.2-7129-0-2-1669863275.7z","triage",""
"2026-06-22 21:25:45","662","modNakedKeira-662-1-10.rar","0","https://www.nexusmods.com/witcher3/mods/662","C:\Users\marti\Downloads\modNakedKeira-662-1-10.rar","triage",""
"2026-06-22 21:25:25","662","modNakedTriss-662-1-10.rar","0.01","https://www.nexusmods.com/witcher3/mods/662","C:\Users\marti\Downloads\modNakedTriss-662-1-10.rar","triage",""
"2026-06-22 21:24:58","662","modNakedVes-662-1-10.rar","0","https://www.nexusmods.com/witcher3/mods/662","C:\Users\marti\Downloads\modNakedVes-662-1-10.rar","triage",""
"2026-06-22 21:24:42","662","modNakedCerys-662-1-10.rar","1.94","https://www.nexusmods.com/witcher3/mods/662","C:\Users\marti\Downloads\modNakedCerys-662-1-10.rar","triage",""
"2026-06-22 21:24:21","662","modNakedCiri-662-1-10.rar","0.01","https://www.nexusmods.com/witcher3/mods/662","C:\Users\marti\Downloads\modNakedCiri-662-1-10.rar","triage",""
"2026-06-22 21:24:04","662","modNakedYennefer-662-1-10.rar","0.01","https://www.nexusmods.com/witcher3/mods/662","C:\Users\marti\Downloads\modNakedYennefer-662-1-10.rar","triage",""
"2026-06-22 21:23:48","662","modNakedPhilippa-662-1-10.rar","0.01","https://www.nexusmods.com/witcher3/mods/662","C:\Users\marti\Downloads\modNakedPhilippa-662-1-10.rar","triage",""
"2026-06-22 21:23:30","662","modNakedMargaritta-662-1-10.rar","0.71","https://www.nexusmods.com/witcher3/mods/662","C:\Users\marti\Downloads\modNakedMargaritta-662-1-10.rar","triage",""
"2026-06-22 21:23:12","662","modNakedMargarittaAlternative-662-1-10.rar","2.51","https://www.nexusmods.com/witcher3/mods/662","C:\Users\marti\Downloads\modNakedMargarittaAlternative-662-1-10.rar","triage",""
"2026-06-22 21:22:45","662","modNakedTrissAlternativa-662-1-11.rar","10.53","https://www.nexusmods.com/witcher3/mods/662","C:\Users\marti\Downloads\modNakedTrissAlternativa-662-1-11.rar","triage",""
"2026-06-22 21:22:10","662","modNakedPriscilla-662-1-10.rar","0.19","https://www.nexusmods.com/witcher3/mods/662","C:\Users\marti\Downloads\modNakedPriscilla-662-1-10.rar","triage",""
"2026-06-22 21:21:48","662","modNakedFringilla-662-1-11(1).rar","3.5","https://www.nexusmods.com/witcher3/mods/662","C:\Users\marti\Downloads\modNakedFringilla-662-1-11(1).rar","triage",""
"2026-06-22 21:21:34","662","modNakedFringilla-662-1-11.rar","3.5","https://www.nexusmods.com/witcher3/mods/662","C:\Users\marti\Downloads\modNakedFringilla-662-1-11.rar","triage",""
"2026-06-22 21:21:13","662","modNakedWhiteOrchard-662-1-11.rar","0.96","https://www.nexusmods.com/witcher3/mods/662","C:\Users\marti\Downloads\modNakedWhiteOrchard-662-1-11.rar","triage",""
"2026-06-22 21:20:45","662","modNakedvarAttreTwins-662-1-10.rar","0.24","https://www.nexusmods.com/witcher3/mods/662","C:\Users\marti\Downloads\modNakedvarAttreTwins-662-1-10.rar","triage",""
"2026-06-22 21:19:49","662","modNakedShani-662-1-10.rar","0.01","https://www.nexusmods.com/witcher3/mods/662","C:\Users\marti\Downloads\modNakedShani-662-1-10.rar","triage",""
"2026-06-22 21:19:30","662","modRemoveLingerieStandalone1.11-662-1-11.rar","0.48","https://www.nexusmods.com/witcher3/mods/662","C:\Users\marti\Downloads\modRemoveLingerieStandalone1.11-662-1-11.rar","triage",""
"2026-06-22 21:19:23","662","modNakedCollection-662-1-11-3.rar","22.4","https://www.nexusmods.com/witcher3/mods/662","C:\Users\marti\Downloads\modNakedCollection-662-1-11-3.rar","triage",""
"2026-06-22 21:05:58","8841","Even more new Companions for Geralt-8841-4-1711613215.7z","4.39","https://www.nexusmods.com/witcher3/mods/8841","C:\Users\marti\Downloads\Even more new Companions for Geralt-8841-4-1711613215.7z","triage",""
"2026-06-22 21:03:08","11091","Dlc Romance Margarita-11091-1-1780400233.7z","0.01","https://www.nexusmods.com/witcher3/mods/11091","C:\Users\marti\Downloads\Dlc Romance Margarita-11091-1-1780400233.7z","triage",""
"2026-06-22 21:02:56","11091","Dlc Romance Fringilla-11091-1-1780400216.7z","0.01","https://www.nexusmods.com/witcher3/mods/11091","C:\Users\marti\Downloads\Dlc Romance Fringilla-11091-1-1780400216.7z","triage",""
"2026-06-22 21:02:41","11091","Amrynn-11091-1-0-1755045981.7z","0.35","https://www.nexusmods.com/witcher3/mods/11091","C:\Users\marti\Downloads\Amrynn-11091-1-0-1755045981.7z","triage",""
"2026-06-22 21:02:26","11091","modSpawnCompanions-11091-1-3-1755045903.7z","0.02","https://www.nexusmods.com/witcher3/mods/11091","C:\Users\marti\Downloads\modSpawnCompanions-11091-1-3-1755045903.7z","triage",""
"2026-06-22 21:01:57","11091","Romance to Orianna-11091-1-0-1754785033.7z","0.02","https://www.nexusmods.com/witcher3/mods/11091","C:\Users\marti\Downloads\Romance to Orianna-11091-1-0-1754785033.7z","triage",""
"2026-06-22 21:01:39","11091","Romance to Priscilla-11091-1-0-0-1753981821.7z","0.01","https://www.nexusmods.com/witcher3/mods/11091","C:\Users\marti\Downloads\Romance to Priscilla-11091-1-0-0-1753981821.7z","triage",""
"2026-06-22 21:01:02","11091","Menu Kingsegg to Even More-11091-1-0-1763559448.zip","0","https://www.nexusmods.com/witcher3/mods/11091","C:\Users\marti\Downloads\Menu Kingsegg to Even More-11091-1-0-1763559448.zip","triage",""
"2026-06-22 21:00:42","11091","Orianna Default Clothes-11091-1-01-1755100688.7z","0.05","https://www.nexusmods.com/witcher3/mods/11091","C:\Users\marti\Downloads\Orianna Default Clothes-11091-1-01-1755100688.7z","triage",""
"2026-06-22 21:00:22","11091","Priscilla Default Clothes-11091-1-0-1754329667.7z","0.18","https://www.nexusmods.com/witcher3/mods/11091","C:\Users\marti\Downloads\Priscilla Default Clothes-11091-1-0-1754329667.7z","triage",""
"2026-06-22 21:00:05","11091","modPriscilla-11091-0-2-1753992235.7z","0.83","https://www.nexusmods.com/witcher3/mods/11091","C:\Users\marti\Downloads\modPriscilla-11091-0-2-1753992235.7z","triage",""
"2026-06-22 20:57:14","3733","Immersive Torture Sile-3733-4-0-1672709880.zip","4.06","https://www.nexusmods.com/witcher3/mods/3733","C:\Users\marti\Downloads\Immersive Torture Sile-3733-4-0-1672709880.zip","triage",""
"2026-06-22 20:57:13","3733","Immersive Torture Margarita v4.0-3733-4-0-1672434818.zip","2.35","https://www.nexusmods.com/witcher3/mods/3733","C:\Users\marti\Downloads\Immersive Torture Margarita v4.0-3733-4-0-1672434818.zip","triage",""
"2026-06-22 20:57:11","3733","Immersive Torture Triss (NGE) v4.1-3733-4-1-1675655130.zip","90.24","https://www.nexusmods.com/witcher3/mods/3733","C:\Users\marti\Downloads\Immersive Torture Triss (NGE) v4.1-3733-4-1-1675655130.zip","triage",""
"2026-06-22 20:55:14","7428","BASE - ALL v4.2-7428-4-3-1766075698.zip","12.08","https://www.nexusmods.com/witcher3/mods/7428","C:\Users\marti\Downloads\BASE - ALL v4.2-7428-4-3-1766075698.zip","triage",""
"2026-06-22 20:52:38","1134","Vagina's for Everyone-1134-1-0.zip","27.99","https://www.nexusmods.com/witcher3/mods/1134","C:\Users\marti\Downloads\Vagina's for Everyone-1134-1-0.zip","triage",""
"2026-06-22 20:51:23","7424","Witcher3RFG_Unshaved-7424-1-3-1674088980.zip","28.32","https://www.nexusmods.com/witcher3/mods/7424","C:\Users\marti\Downloads\Witcher3RFG_Unshaved-7424-1-3-1674088980.zip","triage",""
"2026-06-22 20:51:02","7424","Witcher3RFG1.3-7424-1-3-1674088614.zip","28.33","https://www.nexusmods.com/witcher3/mods/7424","C:\Users\marti\Downloads\Witcher3RFG1.3-7424-1-3-1674088614.zip","triage",""
"2026-06-22 20:19:38","11727","Horse Riding For Companions-11727-1-0-0-1768583997.rar","1.68","https://www.nexusmods.com/witcher3/mods/11727","C:\Users\marti\Downloads\Horse Riding For Companions-11727-1-0-0-1768583997.rar","triage",""
"2026-06-22 20:18:26","7172","Debug Console and Unlocked Photomode-7172-4-02-1679939306.zip","0","https://www.nexusmods.com/witcher3/mods/7172","C:\Users\marti\Downloads\Debug Console and Unlocked Photomode-7172-4-02-1679939306.zip","triage",""
"2026-06-22 20:17:53","3287","InGame_Menu_NextGen-3287-4-0-4-1690390831.zip","0.01","https://www.nexusmods.com/witcher3/mods/3287","C:\Users\marti\Downloads\InGame_Menu_NextGen-3287-4-0-4-1690390831.zip","triage",""
"2026-06-22 20:17:31","3287","CorvoBianco_NPC_Relocation-3287-4-0-4-1688097859.zip","0.99","https://www.nexusmods.com/witcher3/mods/3287","C:\Users\marti\Downloads\CorvoBianco_NPC_Relocation-3287-4-0-4-1688097859.zip","triage",""
"2026-06-22 20:17:05","3287","Extended_Cerys_Romance-3287-4-0-4-1688098207.zip","0.53","https://www.nexusmods.com/witcher3/mods/3287","C:\Users\marti\Downloads\Extended_Cerys_Romance-3287-4-0-4-1688098207.zip","triage",""
"2026-06-22 20:16:48","3287","CorvoBianco_NPC_Sleeping_Arrangement-3287-4-0-5-1764309347.zip","0.17","https://www.nexusmods.com/witcher3/mods/3287","C:\Users\marti\Downloads\CorvoBianco_NPC_Sleeping_Arrangement-3287-4-0-5-1764309347.zip","triage",""
"2026-06-22 20:16:30","3287","Enable_Collisions-3287-4-0-6-1772743803.zip","0.01","https://www.nexusmods.com/witcher3/mods/3287","C:\Users\marti\Downloads\Enable_Collisions-3287-4-0-6-1772743803.zip","triage",""
"2026-06-22 20:15:40","3287","MCME_NextGen-3287-4-0-6-1772743696.zip","0.87","https://www.nexusmods.com/witcher3/mods/3287","C:\Users\marti\Downloads\MCME_NextGen-3287-4-0-6-1772743696.zip","triage",""
"2026-06-22 20:07:03","3890","Modular Eyes - Next Gen 4.04a-3890-3-10b-1740359296.7z","2.48","https://www.nexusmods.com/witcher3/mods/3890","C:\Users\marti\Downloads\Modular Eyes - Next Gen 4.04a-3890-3-10b-1740359296.7z","triage",""
"2026-06-22 19:43:50","8128","PatchGwent Redux-W3EE_REDUX-8128-0-1-1681556759.7z","0.09","https://www.nexusmods.com/witcher3/mods/8128","C:\Users\marti\Downloads\PatchGwent Redux-W3EE_REDUX-8128-0-1-1681556759.7z","triage",""
"2026-06-22 19:43:20","8128","PatchGwent Redux_W3EE-8128-0-1-1681556682.7z","0.08","https://www.nexusmods.com/witcher3/mods/8128","C:\Users\marti\Downloads\PatchGwent Redux_W3EE-8128-0-1-1681556682.7z","triage",""
"2026-06-22 19:18:36","4287","Gwent Redux (Next-Gen v4.04)-4287-NEXT-GENv4-04-1691430518(1).zip","122.83","https://www.nexusmods.com/witcher3/mods/4287","C:\Users\marti\Downloads\Gwent Redux (Next-Gen v4.04)-4287-NEXT-GENv4-04-1691430518(1).zip","triage",""
"2026-06-22 19:18:13","5802","W3EE-5802-5-03-1694284422.7z","72.22","https://www.nexusmods.com/witcher3/mods/5802","C:\Users\marti\Downloads\W3EE-5802-5-03-1694284422.7z","triage",""
"2026-06-22 17:26:44","3711","ModLimitAdjuster-3711-1-0-1559564139.zip","0","https://www.nexusmods.com/witcher3/mods/3711","C:\Users\marti\Downloads\ModLimitAdjuster-3711-1-0-1559564139.zip","triage",""
"2026-06-22 17:24:50","2109","modBootstrap.en-v0.4.1-usedStrings-2109-0-4-1-1554756612.zip","0","https://www.nexusmods.com/witcher3/mods/2109","C:\Users\marti\Downloads\modBootstrap.en-v0.4.1-usedStrings-2109-0-4-1-1554756612.zip","triage",""
"2026-06-22 17:23:10","2109","modBootstrap-v.0.5-NEXT-GEN-2109-v0-5-NEXT-GEN-1771092575.zip","0.16","https://www.nexusmods.com/witcher3/mods/2109","C:\Users\marti\Downloads\modBootstrap-v.0.5-NEXT-GEN-2109-v0-5-NEXT-GEN-1771092575.zip","triage",""
"2026-06-22 17:22:57","2109","modBootstrap-registry-2109-1-0-1554756443.zip","0","https://www.nexusmods.com/witcher3/mods/2109","C:\Users\marti\Downloads\modBootstrap-registry-2109-1-0-1554756443.zip","triage",""
"2026-06-22 17:21:29","5604","W3EE_Aefderaedd_Presets_1.5.1.zip-5604-1-5-1-1622587425.zip","0.02","https://www.nexusmods.com/witcher3/mods/5604","C:\Users\marti\Downloads\W3EE_Aefderaedd_Presets_1.5.1.zip-5604-1-5-1-1622587425.zip","triage",""
"2026-06-22 17:21:16","5604","mods_directory_manifest.txt-5604-1-5-1621633399.zip","0.01","https://www.nexusmods.com/witcher3/mods/5604","C:\Users\marti\Downloads\mods_directory_manifest.txt-5604-1-5-1621633399.zip","triage",""
"2026-06-22 17:11:15","4287","Gwent Redux (Next-Gen v4.04)-4287-NEXT-GENv4-04-1691430518.zip","122.83","https://www.nexusmods.com/witcher3/mods/4287","C:\Users\marti\Downloads\Gwent Redux (Next-Gen v4.04)-4287-NEXT-GENv4-04-1691430518.zip","triage",""
"2026-06-22 17:08:21","11620","Lighter bombs W3ee Redux-11620-1-0-1766490924.zip","0.05","https://www.nexusmods.com/witcher3/mods/11620","C:\Users\marti\Downloads\Lighter bombs W3ee Redux-11620-1-0-1766490924.zip","triage",""
"2026-06-22 17:06:16","11732","Lead Ore-11732-1-0-1768557826.zip","0.05","https://www.nexusmods.com/witcher3/mods/11732","C:\Users\marti\Downloads\Lead Ore-11732-1-0-1768557826.zip","triage",""
"2026-06-22 17:04:57","11651","Full Manticore W3EE Redux Edit-11651-1-0-1767026819.zip","14.78","https://www.nexusmods.com/witcher3/mods/11651","C:\Users\marti\Downloads\Full Manticore W3EE Redux Edit-11651-1-0-1767026819.zip","triage",""
"2026-06-22 16:58:58","10286","NOBsSlowMoPatches-10286-2-31-1739410514.zip","0.09","https://www.nexusmods.com/witcher3/mods/10286","C:\Users\marti\Downloads\NOBsSlowMoPatches-10286-2-31-1739410514.zip","triage",""
"2026-06-22 16:58:31","10286","modNOBsSlowMoNextgen-10286-2-31-1739410104.zip","8.61","https://www.nexusmods.com/witcher3/mods/10286","C:\Users\marti\Downloads\modNOBsSlowMoNextgen-10286-2-31-1739410104.zip","triage",""
"2026-06-22 16:53:03","3650","modMenuStrings-3650-1-0-1556948614.7z","0","https://www.nexusmods.com/witcher3/mods/3650","C:\Users\marti\Downloads\modMenuStrings-3650-1-0-1556948614.7z","triage",""
"2026-06-22 16:48:56","11426","NGNobsToolTipGenerator-11426-1-1-0-1765750315.7z","0.02","https://www.nexusmods.com/witcher3/mods/11426","C:\Users\marti\Downloads\NGNobsToolTipGenerator-11426-1-1-0-1765750315.7z","triage",""
"2026-06-22 16:47:52","11275","NGNobsReflexesPatch-11275-1-5-7-1765750575.7z","0.03","https://www.nexusmods.com/witcher3/mods/11275","C:\Users\marti\Downloads\NGNobsReflexesPatch-11275-1-5-7-1765750575.7z","triage",""
"2026-06-22 16:47:35","11275","NGNobsReflexes-11275-1-5-7-1765750539.7z","0.13","https://www.nexusmods.com/witcher3/mods/11275","C:\Users\marti\Downloads\NGNobsReflexes-11275-1-5-7-1765750539.7z","triage",""
"2026-06-22 15:30:45","2996","E3 Colored Regional Loadingscreen-2996-1-2.rar","43.33","https://www.nexusmods.com/witcher3/mods/2996","C:\Users\marti\Downloads\E3 Colored Regional Loadingscreen-2996-1-2.rar","triage",""
"2026-06-22 15:12:12","10256","Friendly HUD Compatibility Patch-10256-1-0-1739310440.7z","0.03","https://www.nexusmods.com/witcher3/mods/10256","C:\Users\marti\Downloads\Friendly HUD Compatibility Patch-10256-1-0-1739310440.7z","triage",""
"2026-06-22 15:11:50","10256","Vlad UI Compatibility Patch-10256-VLAD-2-1-1-1749842775.7z","0.01","https://www.nexusmods.com/witcher3/mods/10256","C:\Users\marti\Downloads\Vlad UI Compatibility Patch-10256-VLAD-2-1-1-1749842775.7z","triage",""
"2026-06-22 15:11:43","10256","Better Icons - Definitive Edition (Next Gen) W3EE-10256-W3EE-1-4-2i-1767827107.7z","27.86","https://www.nexusmods.com/witcher3/mods/10256","C:\Users\marti\Downloads\Better Icons - Definitive Edition (Next Gen) W3EE-10256-W3EE-1-4-2i-1767827107.7z","triage",""
"2026-06-22 15:11:38","10256","Better Icons - Definitive Edition (Next Gen)-10256-1-8-3-1767827017.7z","52.38","https://www.nexusmods.com/witcher3/mods/10256","C:\Users\marti\Downloads\Better Icons - Definitive Edition (Next Gen)-10256-1-8-3-1767827017.7z","triage",""
"2026-06-22 15:10:38","","E3-UI-and-HUD-Revamped-BetterIconsPatch_E3HUD.zip","0.93","https://github.com/meltdown28/E3-UI-and-HUD-Revamped/releases","C:\Users\marti\Downloads\E3-UI-and-HUD-Revamped-BetterIconsPatch_E3HUD.zip","triage","Source inferred from GitHub release archives; no Nexus id in filename."
"2026-06-22 15:10:35","","E3.UI.and.HUD.Revamped.-.Better.Icons.Patch.zip","0.02","https://github.com/meltdown28/E3-UI-and-HUD-Revamped/releases","C:\Users\marti\Downloads\E3.UI.and.HUD.Revamped.-.Better.Icons.Patch.zip","triage","Source inferred from GitHub release archives; no Nexus id in filename."
"2026-06-22 15:04:43","","E3-UI-and-HUD-Revamped-E32014UIandHUD_Revamped_MagicSpellsPatch.zip","1.05","https://github.com/meltdown28/E3-UI-and-HUD-Revamped/releases","C:\Users\marti\Downloads\E3-UI-and-HUD-Revamped-E32014UIandHUD_Revamped_MagicSpellsPatch.zip","triage","Source inferred from GitHub release archives; no Nexus id in filename."
"2026-06-22 15:04:38","","E3.2014.UI.and.HUD.Revamped.-.Magic.Spells.Patch.zip","0.01","https://github.com/meltdown28/E3-UI-and-HUD-Revamped/releases","C:\Users\marti\Downloads\E3.2014.UI.and.HUD.Revamped.-.Magic.Spells.Patch.zip","triage","Source inferred from GitHub release archives; no Nexus id in filename."
"2026-06-22 14:55:09","9478","E3 UI Nudel Update Patch for W3EE Redux NG 1.40-9478-1-0-3-1728405522.7z","21.66","https://www.nexusmods.com/witcher3/mods/9478","C:\Users\marti\Downloads\E3 UI Nudel Update Patch for W3EE Redux NG 1.40-9478-1-0-3-1728405522.7z","triage",""
"2026-06-22 14:30:56","2996","E3 Hud and UI 1.2-2996-1-2.rar","1045.31","https://www.nexusmods.com/witcher3/mods/2996","C:\Users\marti\Downloads\E3 Hud and UI 1.2-2996-1-2.rar","triage",""
"2026-06-22 14:25:39","","E3-UI-and-HUD-Revamped-E32014UIandHUDRevamped_NudelPatch_AQOOMPatch.zip","2.76","https://github.com/meltdown28/E3-UI-and-HUD-Revamped/releases","C:\Users\marti\Downloads\E3-UI-and-HUD-Revamped-E32014UIandHUDRevamped_NudelPatch_AQOOMPatch.zip","triage","Source inferred from GitHub release archives; no Nexus id in filename."
"2026-06-22 14:25:33","","E3.2014.UI.and.HUD.Revamped.Nudel.Patch.-.All.Quest.Objects.On.Map.Patch.zip","1.71","https://github.com/meltdown28/E3-UI-and-HUD-Revamped/releases","C:\Users\marti\Downloads\E3.2014.UI.and.HUD.Revamped.Nudel.Patch.-.All.Quest.Objects.On.Map.Patch.zip","triage","Source inferred from GitHub release archives; no Nexus id in filename."
"2026-06-22 12:36:36","2853","Lightsources for Yrden-2853-1-0.7z","0.02","https://www.nexusmods.com/witcher3/mods/2853","C:\Users\marti\Downloads\Lightsources for Yrden-2853-1-0.7z","triage",""
"2026-06-22 12:36:18","2853","Lightsource for alternative Igni-2853-1-0.7z","0.01","https://www.nexusmods.com/witcher3/mods/2853","C:\Users\marti\Downloads\Lightsource for alternative Igni-2853-1-0.7z","triage",""
"2026-06-22 12:35:57","2853","Yrden and Alt Igni 2013 icon Lightsource-2853-1-0-1550772680.7z","0.06","https://www.nexusmods.com/witcher3/mods/2853","C:\Users\marti\Downloads\Yrden and Alt Igni 2013 icon Lightsource-2853-1-0-1550772680.7z","triage",""
"2026-06-22 12:35:28","2853","Igni 2013 LightSource (No Yrden)-2853-1-0-1550842128.7z","0.04","https://www.nexusmods.com/witcher3/mods/2853","C:\Users\marti\Downloads\Igni 2013 LightSource (No Yrden)-2853-1-0-1550842128.7z","triage",""
"2026-06-22 12:35:05","2853","Alt Igni and Yrden lightsource-2853-1-1-1593182740.7z","0.03","https://www.nexusmods.com/witcher3/mods/2853","C:\Users\marti\Downloads\Alt Igni and Yrden lightsource-2853-1-1-1593182740.7z","triage",""
"2026-06-22 12:34:49","2853","Igni 2013 LightSource (No Yrden - No Flare)-2853-1-1-1593183246.7z","0.04","https://www.nexusmods.com/witcher3/mods/2853","C:\Users\marti\Downloads\Igni 2013 LightSource (No Yrden - No Flare)-2853-1-1-1593183246.7z","triage",""
"2026-06-22 12:34:29","2853","Yrden and Alt Igni 2013 icon Lightsource (No Flare)-2853-1-1-1593183332.7z","0.06","https://www.nexusmods.com/witcher3/mods/2853","C:\Users\marti\Downloads\Yrden and Alt Igni 2013 icon Lightsource (No Flare)-2853-1-1-1593183332.7z","triage",""
"2026-06-22 12:34:10","2853","Igni 2013 LightSource (No Yrden - Dimmer Flare)-2853-1-1-1593183472.7z","0.04","https://www.nexusmods.com/witcher3/mods/2853","C:\Users\marti\Downloads\Igni 2013 LightSource (No Yrden - Dimmer Flare)-2853-1-1-1593183472.7z","triage",""
"2026-06-22 12:33:55","2853","Yrden and Alt Igni 2013 icon Lightsource (Dimmer Flare)-2853-1-1-1593183518.7z","0.06","https://www.nexusmods.com/witcher3/mods/2853","C:\Users\marti\Downloads\Yrden and Alt Igni 2013 icon Lightsource (Dimmer Flare)-2853-1-1-1593183518.7z","triage",""
"2026-06-22 12:33:19","8565","New Signs Fx - Yrden-8565-1-0-1696986600.rar","0.07","https://www.nexusmods.com/witcher3/mods/8565","C:\Users\marti\Downloads\New Signs Fx - Yrden-8565-1-0-1696986600.rar","triage",""
"2026-06-22 12:31:37","8710","1. E3Quen-8710-1-1-1739540326.zip","0.15","https://www.nexusmods.com/witcher3/mods/8710","C:\Users\marti\Downloads\1. E3Quen-8710-1-1-1739540326.zip","triage",""
"2026-06-22 12:28:57","5802","Redux for W3EE (NextGen)(1).zip","106.19","https://www.nexusmods.com/witcher3/mods/5802","C:\Users\marti\Downloads\Redux for W3EE (NextGen)(1).zip","triage","Source inferred from archive name and Nexus W3EE Redux files page."
"2026-06-22 12:27:22","2366","E3Quen 4.0 Performance Edition-2366-4-0-1671749841.rar","2.12","https://www.nexusmods.com/witcher3/mods/2366","C:\Users\marti\Downloads\E3Quen 4.0 Performance Edition-2366-4-0-1671749841.rar","triage",""
"2026-06-22 12:27:04","2366","E3Quen 4.0-2366-4-0-1671749722.rar","2.61","https://www.nexusmods.com/witcher3/mods/2366","C:\Users\marti\Downloads\E3Quen 4.0-2366-4-0-1671749722.rar","triage",""
"2026-06-22 12:26:51","2366","E3Quen 4.0 Performance Edition Only One Spark Floating around Geralt-2366-4-0-1671749969.rar","2.12","https://www.nexusmods.com/witcher3/mods/2366","C:\Users\marti\Downloads\E3Quen 4.0 Performance Edition Only One Spark Floating around Geralt-2366-4-0-1671749969.rar","triage",""
"2026-06-22 12:26:34","2366","E3Quen 4.0 Only One Spark Floating around Geralt-2366-4-0-1671749793.rar","2.61","https://www.nexusmods.com/witcher3/mods/2366","C:\Users\marti\Downloads\E3Quen 4.0 Only One Spark Floating around Geralt-2366-4-0-1671749793.rar","triage",""
"2026-06-22 12:24:33","9957","E3 Quen - W3EE Redux-9957-v1-1731794425.zip","0.25","https://www.nexusmods.com/witcher3/mods/9957","C:\Users\marti\Downloads\E3 Quen - W3EE Redux-9957-v1-1731794425.zip","triage",""
"2026-06-22 12:17:55","12221","W3EER - Food Rebalance - BiA Compatibility Patch-12221-1-0-1778850191.zip","0.02","https://www.nexusmods.com/witcher3/mods/12221","C:\Users\marti\Downloads\W3EER - Food Rebalance - BiA Compatibility Patch-12221-1-0-1778850191.zip","triage",""
"2026-06-22 12:17:34","11321","modFoodRebalanceRedux-11321-1-0-1765128047.zip","0.01","https://www.nexusmods.com/witcher3/mods/11321","C:\Users\marti\Downloads\modFoodRebalanceRedux-11321-1-0-1765128047.zip","triage",""
"2026-06-22 12:12:40","12221","W3EER-FRR - BiA Compatibility Patch with My Tweaks-12221-1-0-1778849966.rar","0.02","https://www.nexusmods.com/witcher3/mods/12221","C:\Users\marti\Downloads\W3EER-FRR - BiA Compatibility Patch with My Tweaks-12221-1-0-1778849966.rar","triage",""
"2026-06-22 11:22:14","7329","BIA - TW3 Bug Fix and Restored Content Collection-7329-2-81-1735577327.zip","87.4","https://www.nexusmods.com/witcher3/mods/7329","C:\Users\marti\Downloads\BIA - TW3 Bug Fix and Restored Content Collection-7329-2-81-1735577327.zip","triage",""
"2026-06-22 11:20:16","8875","W3EER - BiA Compatibility Patch.zip","0.92","https://www.nexusmods.com/witcher3/mods/8875","C:\Users\marti\Downloads\W3EER - BiA Compatibility Patch.zip","triage","Source inferred from exact archive title and Nexus search result."
"2026-06-22 11:17:06","11260","Brothers In Arms - Ultimate Edition-11260-3-1-2-1772472350.zip","574.73","https://www.nexusmods.com/witcher3/mods/11260","C:\Users\marti\Downloads\Brothers In Arms - Ultimate Edition-11260-3-1-2-1772472350.zip","triage",""
"2026-06-22 11:10:45","11260","Brothers In Arms - LOD Fixes-11260-3-1-0-lod-1770398542.zip","150.72","https://www.nexusmods.com/witcher3/mods/11260","C:\Users\marti\Downloads\Brothers In Arms - LOD Fixes-11260-3-1-0-lod-1770398542.zip","triage",""
"2026-06-22 11:02:22","11743","Oneliners - REQUIRED FILE-11743-1-1770654764.zip","0.01","https://www.nexusmods.com/witcher3/mods/11743","C:\Users\marti\Downloads\Oneliners - REQUIRED FILE-11743-1-1770654764.zip","triage",""
"2026-06-22 11:01:47","11743","AutoLoot Redux for W3EE-11743-2-3-1770600253.zip","0.01","https://www.nexusmods.com/witcher3/mods/11743","C:\Users\marti\Downloads\AutoLoot Redux for W3EE-11743-2-3-1770600253.zip","triage",""
"2026-06-22 10:33:25","2448","The Griffon Update 2.2-2448-2-2.rar","125.68","https://www.nexusmods.com/witcher3/mods/2448","C:\Users\marti\Downloads\The Griffon Update 2.2-2448-2-2.rar","triage",""
"2026-06-22 10:31:54","2448","Stag Helmet Replacer-2448-1.rar","0.07","https://www.nexusmods.com/witcher3/mods/2448","C:\Users\marti\Downloads\Stag Helmet Replacer-2448-1.rar","triage",""
"2026-06-22 10:17:29","2348","Hip Armor Retexture-2348-1.rar","0.34","https://www.nexusmods.com/witcher3/mods/2348","C:\Users\marti\Downloads\Hip Armor Retexture-2348-1.rar","triage",""
"2026-06-22 10:16:26","4046","modCapeHoodHelmetToggle-4046-1-0-1572664821.7z","0.08","https://www.nexusmods.com/witcher3/mods/4046","C:\Users\marti\Downloads\modCapeHoodHelmetToggle-4046-1-0-1572664821.7z","triage",""
"2026-06-22 10:03:44","4400","New Hairstyles and - BiA-4400-3-0-2-1771845621.zip","4.75","https://www.nexusmods.com/witcher3/mods/4400","C:\Users\marti\Downloads\New Hairstyles and - BiA-4400-3-0-2-1771845621.zip","triage",""
"2026-06-22 10:03:03","7598","DLC2 Improved for AMM-7598-1-0-1673202652.zip","0.05","https://www.nexusmods.com/witcher3/mods/7598","C:\Users\marti\Downloads\DLC2 Improved for AMM-7598-1-0-1673202652.zip","triage",""
"2026-06-22 10:02:18","5722","AMM patch - asynchronous loading-5722-1-0-1620645327.zip","0.04","https://www.nexusmods.com/witcher3/mods/5722","C:\Users\marti\Downloads\AMM patch - asynchronous loading-5722-1-0-1620645327.zip","triage",""
"2026-06-22 09:57:47","2143","Hip Armor-2143-1.rar","0.1","https://www.nexusmods.com/witcher3/mods/2143","C:\Users\marti\Downloads\Hip Armor-2143-1.rar","triage",""
"2026-06-22 09:57:34","2143","Remove Witcher Medallion on Knight Armors-2143-2-1.rar","0.18","https://www.nexusmods.com/witcher3/mods/2143","C:\Users\marti\Downloads\Remove Witcher Medallion on Knight Armors-2143-2-1.rar","triage",""
"2026-06-22 09:57:22","2143","Amm Knight Necklace and Belt-2143-2-1.rar","0.18","https://www.nexusmods.com/witcher3/mods/2143","C:\Users\marti\Downloads\Amm Knight Necklace and Belt-2143-2-1.rar","triage",""
"2026-06-22 09:43:16","8932","modShadesOfIron_Tweaks-8932-1-00-1710109609.rar","0.02","https://www.nexusmods.com/witcher3/mods/8932","C:\Users\marti\Downloads\modShadesOfIron_Tweaks-8932-1-00-1710109609.rar","triage",""
"2026-06-22 09:25:23","9971","SOI - EER - Patch-9971-v2-1735365638.zip","0.13","https://www.nexusmods.com/witcher3/mods/9971","C:\Users\marti\Downloads\SOI - EER - Patch-9971-v2-1735365638.zip","triage",""
"2026-06-22 09:24:41","7037","AMM and SoI config for NEXT GEN update 1.0.2-7037-1-0-2-1672185866.zip","0.06","https://www.nexusmods.com/witcher3/mods/7037","C:\Users\marti\Downloads\AMM and SoI config for NEXT GEN update 1.0.2-7037-1-0-2-1672185866.zip","triage",""
"2026-06-22 07:51:20","7271","Shades of Iron v2.0 - Game Version 4.04-7271-Final-1732825923(1).zip","3005.61","https://www.nexusmods.com/witcher3/mods/7271","C:\Users\marti\Downloads\Shades of Iron v2.0 - Game Version 4.04-7271-Final-1732825923(1).zip","triage",""
"2026-06-22 07:12:07","4242","Hoods-4242-3-3-1762297143.zip","94.2","https://www.nexusmods.com/witcher3/mods/4242","C:\Users\marti\Downloads\Hoods-4242-3-3-1762297143.zip","triage",""
"2026-06-21 18:31:40","7271","Shades of Iron v2.0 - Game Version 4.04-7271-Final-1732825923.zip","3005.61","https://www.nexusmods.com/witcher3/mods/7271","C:\Users\marti\Downloads\Shades of Iron v2.0 - Game Version 4.04-7271-Final-1732825923.zip","triage",""
"2026-06-21 17:54:50","10958","AMM Polish Translation-10958-1-1-v4-0-4-1752629628.7z","0.02","https://www.nexusmods.com/witcher3/mods/10958","C:\Users\marti\Downloads\AMM Polish Translation-10958-1-1-v4-0-4-1752629628.7z","triage",""
"2026-06-21 09:56:16","742","Laion and Bear Armor (Color) Concept HD-742-v3-0.rar","46.94","https://www.nexusmods.com/witcher3/mods/742","C:\Users\marti\Downloads\Laion and Bear Armor (Color) Concept HD-742-v3-0.rar","triage",""
"2026-06-21 07:20:27","484","Witcher Script Merger v0.6.5-484-0-6-5-1593771408.7z","96.06","https://www.nexusmods.com/witcher3/mods/484","C:\Users\marti\Downloads\Witcher Script Merger v0.6.5-484-0-6-5-1593771408.7z","triage",""
"2026-06-21 01:37:16","3952","Swords on Roach-3952-1-4-ng-1671371791.rar","0.03","https://www.nexusmods.com/witcher3/mods/3952","C:\Users\marti\Downloads\Swords on Roach-3952-1-4-ng-1671371791.rar","triage",""
"2026-06-21 01:22:01","10830","Next-Gen Compatibility Patch-10830-1-0-1747366393.zip","0.01","https://www.nexusmods.com/witcher3/mods/10830","C:\Users\marti\Downloads\Next-Gen Compatibility Patch-10830-1-0-1747366393.zip","triage",""
"2026-06-20 23:58:12","780","Just Knife for Belt Stuff 2 and 3-780-2-0.rar","0.05","https://www.nexusmods.com/witcher3/mods/780","C:\Users\marti\Downloads\Just Knife for Belt Stuff 2 and 3-780-2-0.rar","triage",""
"2026-06-20 23:57:54","780","playerWitcher AMM ULM(Patch 1.12)-780-1-12.zip","0.05","https://www.nexusmods.com/witcher3/mods/780","C:\Users\marti\Downloads\playerWitcher AMM ULM(Patch 1.12)-780-1-12.zip","triage",""
"2026-06-20 23:57:49","780","AMM 4.0 Menu Inputs and DLCs-780-4-03-1684511560.rar","22.2","https://www.nexusmods.com/witcher3/mods/780","C:\Users\marti\Downloads\AMM 4.0 Menu Inputs and DLCs-780-4-03-1684511560.rar","triage",""
"2026-06-20 23:56:18","780","AMM 4.04 Scripts and Horse Mod-780-4-04-1689807822.rar","0.5","https://www.nexusmods.com/witcher3/mods/780","C:\Users\marti\Downloads\AMM 4.04 Scripts and Horse Mod-780-4-04-1689807822.rar","triage",""
"2026-06-20 23:55:07","8627","AMM and W3EE 5.03-8627-1-0-1699875414.7z","0.07","https://www.nexusmods.com/witcher3/mods/8627","C:\Users\marti\Downloads\AMM and W3EE 5.03-8627-1-0-1699875414.7z","triage",""
"2026-06-20 23:52:12","8627","AMM and W3EE Redux NextGen 1.39b-8627-1-0-1699875365.7z","0.07","https://www.nexusmods.com/witcher3/mods/8627","C:\Users\marti\Downloads\AMM and W3EE Redux NextGen 1.39b-8627-1-0-1699875365.7z","triage",""
"2026-06-20 23:48:39","12218","Standarised Naming Convention - W3EE Redux-12218-1-0-1778788363.zip","0.14","https://www.nexusmods.com/witcher3/mods/12218","C:\Users\marti\Downloads\Standarised Naming Convention - W3EE Redux-12218-1-0-1778788363.zip","triage",""
"2026-06-20 22:40:56","5802","Redux for W3EE (NextGen).zip","106.19","https://www.nexusmods.com/witcher3/mods/5802","C:\Users\marti\Downloads\Redux for W3EE (NextGen).zip","triage","Source inferred from archive name and Nexus W3EE Redux files page."
"2026-06-20 22:33:26","5802","Redux for W3EE (OldGen).zip","120.11","https://www.nexusmods.com/witcher3/mods/5802","C:\Users\marti\Downloads\Redux for W3EE (OldGen).zip","triage","Source inferred from archive name and Nexus W3EE Redux files page."
"2026-06-20 22:31:05","2110","modSharedImports-v0.6 - NEXT-GEN.zip-2110-v0-6-1720539533.zip","0.02","https://www.nexusmods.com/witcher3/mods/2110","C:\Users\marti\Downloads\modSharedImports-v0.6 - NEXT-GEN.zip-2110-v0-6-1720539533.zip","triage",""
